"source","listing_no","room_id","url","agency","agent_name","agent_phone","region","address","latitude","longitude","address_public_level","title","deposit_manwon","rent_manwon","maintenance_manwon","total_monthly_manwon","room_type","area_m2","floor","direction","parking","move_in","approval_date","building_use","options","security_options","image_1","image_2","crawl_note"
"dabang","57143314","6a0d15daefff5a5dc390c58d","https://www.dabangapp.com/room/6a0d15daefff5a5dc390c58d","라인공인중개사사무소","임희주","031-8067-7499","경기도 수원시 팔달구 우만동","경기도 수원시 팔달구 우만동","37.2758489563","127.042927489","dong_only_ask_agency_for_exact_jibun","LINEㅣ유학생 모여라ㅣ보증금 월세 최저가ㅣ빠른입주 가능ㅣ분리형ㅣ","200","28","7","35","원룸(분리형)","19.83","반지층/3층","북서","가능","2026.05.29 (협의 가능)","1996.06.11","단독주택","벽걸이형; 책상; 옷장; 냉장고; 세탁기; 싱크대; 가스레인지; 베란다","","https://d1774jszgerdmk.cloudfront.net/1024/zCkETYzf2rbX-dBDgyvxB","https://d1774jszgerdmk.cloudfront.net/1024/J2dBwBwpaN_2LZ8a6v30D",""
"dabang","57027161","6a03d64c182b9749cdaf5cc7","https://www.dabangapp.com/room/6a03d64c182b9749cdaf5cc7","라인공인중개사사무소","임희주","031-8067-7499","경기도 수원시 영통구 원천동","경기도 수원시 영통구 원천동","37.275888110485596","127.04426251259831","dong_only_ask_agency_for_exact_jibun","LINEㅣ아주대 최저가 풀옵션 원룸ㅣ갓성비 1등ㅣ선착순ㅣ","300","30","6","36","원룸","19.83","2층/3층","동","가능","2026.06.30","2001.11.07","단독주택","벽걸이형; 침대; 책상; 신발장; 냉장고; 세탁기; 싱크대; 가스레인지","","https://d1774jszgerdmk.cloudfront.net/1024/EJ734cy5tsDArJik-hKwv","https://d1774jszgerdmk.cloudfront.net/1024/YV2Dw8KKOjiGs2T7670iE",""
"dabang","57006799","6a0282b29451e22c3cbf7537","https://www.dabangapp.com/room/6a0282b29451e22c3cbf7537","라인공인중개사사무소","임희주","031-8067-7499","경기도 수원시 팔달구 우만동","경기도 수원시 팔달구 우만동","37.2762529348","127.0420572573","dong_only_ask_agency_for_exact_jibun","LINEㅣ최저가 원룸ㅣ아주대 8분컷ㅣ조용한 주택가ㅣ초인기매물 선착순ㅣ","500","39","5","44","원룸","19.83","1층/3층","남","가능","즉시 입주 (협의 가능)","2004.02.11","단독주택","벽걸이형; 신발장; 냉장고; 세탁기; 싱크대; 가스레인지; 붙박이장; 베란다","","https://d1774jszgerdmk.cloudfront.net/1024/9sctEejMuHVTFKeP4lk7H","https://d1774jszgerdmk.cloudfront.net/1024/ElxDBgACOYX1C9_0Wet91",""
"dabang","56986319","6a013da2718c0460f647bce2","https://www.dabangapp.com/room/6a013da2718c0460f647bce2","라인공인중개사사무소","임희주","031-8067-7499","경기도 수원시 영통구 원천동","경기도 수원시 영통구 원천동","37.2760391737","127.0450879582","dong_only_ask_agency_for_exact_jibun","LINEㅣ가성비 월세 원룸ㅣ풀옵션+베란다ㅣ컨디션 굿굿 추천매물ㅣ","1000","35","10","45","원룸","23.14","2층/3층","북","가능","2026.08.05 (협의 가능)","2002.05.27","단독주택","벽걸이형; 침대; 책상; 옷장; 신발장; 냉장고; 세탁기; 싱크대; 가스레인지; 베란다","","https://d1774jszgerdmk.cloudfront.net/1024/Q-5mb1kLWBA9NZKv8gUh2","https://d1774jszgerdmk.cloudfront.net/1024/53-TskYykhbTp8CbXxQz5",""
"dabang","57143080","6a0d147779700e50d307b116","https://www.dabangapp.com/room/6a0d147779700e50d307b116","라인공인중개사사무소","임희주","031-8067-7499","경기도 수원시 영통구 원천동","경기도 수원시 영통구 원천동","37.2773727917","127.0448812832","dong_only_ask_agency_for_exact_jibun","LINEㅣ아주대도보3분컷ㅣ가성비 1등 원룸ㅣ풀옵션ㅣ선착순ㅣ","500","35","10","45","원룸","19.83","2층/4층","북","가능","2026.07.14","2011.12.30","제2종근린생활시설","벽걸이형; 책상; 신발장; 냉장고; 세탁기; 싱크대; 인덕션","","https://d1774jszgerdmk.cloudfront.net/1024/n90ptgfXYnhVGkIRGod05","https://d1774jszgerdmk.cloudfront.net/1024/ZTFnT_Dmyvqu1in4remTg",""
"dabang","56934200","69fc28833c423c6206318246","https://www.dabangapp.com/room/69fc28833c423c6206318246","라인공인중개사사무소","임희주","031-8067-7499","경기도 수원시 영통구 원천동","경기도 수원시 영통구 원천동","37.2760391737","127.0450879582","dong_only_ask_agency_for_exact_jibun","LINE l 상태좋은원룸 가성비NO1 베란다까지 l","1000","35","10","45","원룸","23.14","2층/3층","북서","가능","2026.07.31 (협의 가능)","2002.05.27","단독주택","벽걸이형; 침대; 책상; 옷장; 신발장; 냉장고; 세탁기; 싱크대; 가스레인지; 전자레인지; 베란다","인터폰; CCTV","https://d1774jszgerdmk.cloudfront.net/1024/c-u_gFVOkkK_COP8Vd2w3","https://d1774jszgerdmk.cloudfront.net/1024/GQ3322OztVVXx_rmYQ2jM",""
"dabang","57143386","6a0d16595befe96aa776e76b","https://www.dabangapp.com/room/6a0d16595befe96aa776e76b","라인공인중개사사무소","임희주","031-8067-7499","경기도 수원시 영통구 원천동","경기도 수원시 영통구 원천동","37.2773727917","127.0448812832","dong_only_ask_agency_for_exact_jibun","LINE l 깔끔한 원룸 l 가성비 + 위치","500","35","10","45","원룸","19.83","2층/4층","북","가능","2026.07.14 (협의 가능)","2011.12.30","제2종근린생활시설","벽걸이형; 책상; 신발장; 냉장고; 세탁기; 싱크대; 인덕션; 전자레인지","인터폰; 현관보안","https://d1774jszgerdmk.cloudfront.net/1024/ICuPm0JPwOFjUzzCn5nd6","https://d1774jszgerdmk.cloudfront.net/1024/W8bgTXQeiaNxO3uPikU-5",""
"dabang","57099881","6a0a682b8812273c6571c451","https://www.dabangapp.com/room/6a0a682b8812273c6571c451","라인공인중개사사무소","임희주","031-8067-7499","경기도 수원시 영통구 매탄동","경기도 수원시 영통구 매탄동","37.2739669010654","127.044771020618","dong_only_ask_agency_for_exact_jibun","LINEㅣ깔끔원룸 1등+엘베OKㅣ아주대도보OKㅣ가성비 최고 선착순ㅣ","500","35","12","47","원룸","19.83","5층/8층","남","가능","즉시 입주 (협의 가능)","2012.06.04","제2종근린생활시설","벽걸이형; 옷장; 신발장; 냉장고; 세탁기; 싱크대; 인덕션; 화재경보기","","https://d1774jszgerdmk.cloudfront.net/1024/g0gqz7KdPFqbY87jehfpR","https://d1774jszgerdmk.cloudfront.net/1024/6OmrsxAQFSWBMr0c62B1G",""
"dabang","57107526","6a0a8145a5700a63f0b3a230","https://www.dabangapp.com/room/6a0a8145a5700a63f0b3a230","라인공인중개사사무소","임희주","031-8067-7499","경기도 수원시 영통구 매탄동","경기도 수원시 영통구 매탄동","37.2739669010654","127.044771020618","dong_only_ask_agency_for_exact_jibun","LINE l 깔끔한 가성비원룸 l 엘베있음","500","35","12","47","원룸","19.83","5층/8층","남","가능","즉시 입주 (협의 가능)","2012.06.04","제2종근린생활시설","벽걸이형; 옷장; 냉장고; 세탁기; 싱크대; 인덕션; 화재경보기","비디오폰; 인터폰; CCTV; 현관보안","https://d1774jszgerdmk.cloudfront.net/1024/Rprapl8x_N_CNQaVOAcj8","https://d1774jszgerdmk.cloudfront.net/1024/nKnmbK9PpvbhLwJ7LOpDk",""
"dabang","56757989","69eec9335982154a4fc95c1b","https://www.dabangapp.com/room/69eec9335982154a4fc95c1b","라인공인중개사사무소","임희주","031-8067-7499","경기도 수원시 영통구 매탄동","경기도 수원시 영통구 매탄동","37.2737940423","127.044396587","dong_only_ask_agency_for_exact_jibun","LINE l 깔끔한 분리형 풀옵션 원룸 아대도보10분 l","1000","40","8","48","원룸(분리형)","23.14","4층/4층","남동","가능","즉시 입주 (협의 가능)","2011.12.27","제2종근린생활시설","벽걸이형; 침대; 책상; 옷장; 신발장; 냉장고; 세탁기; 싱크대; 인덕션; 전자레인지; 화재경보기","인터폰; CCTV; 현관보안","https://d1774jszgerdmk.cloudfront.net/1024/ZG9UeKtdH7gWTbLM24wHX","https://d1774jszgerdmk.cloudfront.net/1024/4u462w_bMyNMp0uRKiljq",""
"dabang","56257251","69c760a6d087ca44b5ad4df8","https://www.dabangapp.com/room/69c760a6d087ca44b5ad4df8","라인공인중개사사무소","임희주","031-8067-7499","경기도 수원시 영통구 매탄동","경기도 수원시 영통구 매탄동","37.2737940423","127.044396587","dong_only_ask_agency_for_exact_jibun","LINEㅣ아주대 도보10분컷ㅣ깔끔 정석 원룸ㅣ분리형ㅣ갓성비ㅣ","1000","40","8","48","원룸(분리형)","19.83","4층/4층","동","가능","즉시 입주 (협의 가능)","2011.12.27","제2종근린생활시설","벽걸이형; 옷장; 신발장; 냉장고; 세탁기; 싱크대; 인덕션","","https://d1774jszgerdmk.cloudfront.net/1024/vM5t01KiEM5Jm_MirIi5F","https://d1774jszgerdmk.cloudfront.net/1024/Q1oXBZUWZUqZ5RWkVVfgL",""
"dabang","57086104","6a07ec2f874c251b1835e385","https://www.dabangapp.com/room/6a07ec2f874c251b1835e385","라인공인중개사사무소","임희주","031-8067-7499","경기도 수원시 영통구 매탄동","경기도 수원시 영통구 매탄동","37.2737329883","127.0438147598","dong_only_ask_agency_for_exact_jibun","LINEㅣ분리형 넓은 원룸ㅣ깔끔1등ㅣ아주대삼거리주변ㅣ추천매물ㅣ","500","40","10","50","원룸(분리형)","23.14","2층/3층","북동","가능","즉시 입주 (협의 가능)","2006.11.23","단독주택","벽걸이형; 신발장; 냉장고; 세탁기; 싱크대; 붙박이장; 베란다","","https://d1774jszgerdmk.cloudfront.net/1024/53wAVAQta_xRMo08escy8","https://d1774jszgerdmk.cloudfront.net/1024/FtHPI63yszqp_ahEmDYaB",""
"dabang","57114289","6a0aa99f3008c174ae67bb57","https://www.dabangapp.com/room/6a0aa99f3008c174ae67bb57","라인공인중개사사무소","임희주","031-8067-7499","경기도 수원시 영통구 원천동","경기도 수원시 영통구 원천동","37.2760391737","127.0450879582","dong_only_ask_agency_for_exact_jibun","LINE l 깔끔한 원룸 l 아주대학생 추천","500","40","10","50","원룸","23.14","2층/3층","북서","가능","2026.07.30 (협의 가능)","2002.05.27","단독주택","벽걸이형; 침대; 책상; 옷장; 신발장; 냉장고; 세탁기; 싱크대; 가스레인지; 전자레인지; 베란다","인터폰; CCTV; 현관보안","https://d1774jszgerdmk.cloudfront.net/1024/LCB7_TlxA-_7JX6f-euGw","https://d1774jszgerdmk.cloudfront.net/1024/4sBvR6Un8D3nB6Vn7jY9o",""
"dabang","57085801","6a07e88fc1febf7a67d37f93","https://www.dabangapp.com/room/6a07e88fc1febf7a67d37f93","라인공인중개사사무소","임희주","031-8067-7499","경기도 수원시 영통구 매탄동","경기도 수원시 영통구 매탄동","37.2737329883","127.0438147598","dong_only_ask_agency_for_exact_jibun","LINE l 넓고깔끔한 분리형+베란다까지 구조좋은원룸 l","500","40","10","50","원룸(분리형)","23.14","2층/3층","북동","가능","즉시 입주","2006.11.23","단독주택","벽걸이형; 옷장; 신발장; 냉장고; 세탁기; 싱크대; 가스레인지; 붙박이장; 베란다","인터폰; CCTV; 현관보안; 방범창","https://d1774jszgerdmk.cloudfront.net/1024/uFy7CgUwLFD3IJAeQp4aI","https://d1774jszgerdmk.cloudfront.net/1024/-4kn073M5pnSFAj03weaY",""
"dabang","57107479","6a0a80d5bf8d76608590f6ed","https://www.dabangapp.com/room/6a0a80d5bf8d76608590f6ed","라인공인중개사사무소","임희주","031-8067-7499","경기도 수원시 영통구 매탄동","경기도 수원시 영통구 매탄동","37.2737329883","127.0438147598","dong_only_ask_agency_for_exact_jibun","LINE l 깔끔한 가성비 원룸 l 분리형 + 베란다","500","42","8","50","원룸(분리형)","23.14","2층/3층","북동","가능","즉시 입주 (협의 가능)","2006.11.23","단독주택","벽걸이형; 신발장; 냉장고; 세탁기; 싱크대; 가스레인지; 붙박이장; 베란다","인터폰; CCTV; 현관보안; 방범창","https://d1774jszgerdmk.cloudfront.net/1024/46QqsHPO51X3U7GYXYni6","https://d1774jszgerdmk.cloudfront.net/1024/nE87MSxFxoElMLa9UW2WS",""
"dabang","57129632","6a0be02f3dd8696fc75e4cc4","https://www.dabangapp.com/room/6a0be02f3dd8696fc75e4cc4","라인공인중개사사무소","임희주","031-8067-7499","경기도 수원시 영통구 매탄동","경기도 수원시 영통구 매탄동","37.2736355334","127.0441980537","dong_only_ask_agency_for_exact_jibun","LINE l 깔끔한 원룸 l 분리형 + 베란다","500","42","8","50","원룸(분리형)","23.14","3층/3층","북서","가능","2026.05.29 (협의 가능)","2002.07.31","단독주택","벽걸이형; 옷장; 신발장; 냉장고; 세탁기; 싱크대; 가스레인지; 붙박이장; 베란다","인터폰; CCTV; 현관보안","https://d1774jszgerdmk.cloudfront.net/1024/BXVFkAQO31y85j4eCpWEt","https://d1774jszgerdmk.cloudfront.net/1024/_RnDmZEbkAo7cmxnuFz0D",""
"dabang","57165852","6a0ea221e472e65bc91bd0f7","https://www.dabangapp.com/room/6a0ea221e472e65bc91bd0f7","라인공인중개사사무소","임희주","031-8067-7499","경기도 수원시 팔달구 우만동","경기도 수원시 팔달구 우만동","37.2779538624","127.042716702","dong_only_ask_agency_for_exact_jibun","LINE l 넓고 컨디션 좋은 방 l 분리형 + 베란다","3000","42","8","50","원룸(분리형)","26.44","2층/3층","북서","가능","2026.07.15 (협의 가능)","2006.10.30","단독주택","벽걸이형; 책상; 옷장; 신발장; 냉장고; 세탁기; 싱크대; 가스레인지; 붙박이장; 베란다","CCTV; 현관보안; 방범창","https://d1774jszgerdmk.cloudfront.net/1024/Iyov_Mzw8eoKFJOAExOIo","https://d1774jszgerdmk.cloudfront.net/1024/w19Yt8nxmqXb-FvT-Tc-o",""
"dabang","57086589","6a07ef33ff303a73ed120cde","https://www.dabangapp.com/room/6a07ef33ff303a73ed120cde","라인공인중개사사무소","임희주","031-8067-7499","경기도 수원시 영통구 매탄동","경기도 수원시 영통구 매탄동","37.2736355334","127.0441980537","dong_only_ask_agency_for_exact_jibun","LINE l 베란다부터넓다 분리형 넓은원룸 l","500","42","8","50","원룸(분리형)","26.44","3층/3층","서","가능","즉시 입주 (협의 가능)","2002.07.31","단독주택","벽걸이형; 책상; 옷장; 신발장; 냉장고; 세탁기; 싱크대; 가스레인지; 붙박이장; 베란다","인터폰; CCTV; 현관보안","https://d1774jszgerdmk.cloudfront.net/1024/iGoSD-u_LpPVhbVsDIe5H","https://d1774jszgerdmk.cloudfront.net/1024/k0ebGn7EI5iF6NV8ZE-Td",""
"dabang","57146473","6a0d33597efe690e5508e41a","https://www.dabangapp.com/room/6a0d33597efe690e5508e41a","라인공인중개사사무소","임희주","031-8067-7499","경기도 수원시 영통구 매탄동","경기도 수원시 영통구 매탄동","37.2737940423","127.044396587","dong_only_ask_agency_for_exact_jibun","LINE l 컨디션 좋은 분리형 원룸","1000","45","8","53","원룸(분리형)","23.14","2층/4층","서","가능","즉시 입주 (협의 가능)","2011.12.27","제2종근린생활시설","벽걸이형; 옷장; 신발장; 냉장고; 세탁기; 싱크대; 인덕션","인터폰; CCTV; 현관보안","https://d1774jszgerdmk.cloudfront.net/1024/z8tywpESMwbfDF2Al0oYf","https://d1774jszgerdmk.cloudfront.net/1024/Pcrz8l3RzOrryC1Ps1RZt",""
"dabang","57143884","6a0d194cb841f377f6a802fd","https://www.dabangapp.com/room/6a0d194cb841f377f6a802fd","라인공인중개사사무소","임희주","031-8067-7499","경기도 수원시 영통구 원천동","경기도 수원시 영통구 원천동","37.2773727917","127.0448812832","dong_only_ask_agency_for_exact_jibun","LINE l 남향 분리형 풀옵션원룸 넓은호실 밝은집 l","500","48","10","58","원룸(분리형)","23.14","2층/4층","남","가능","즉시 입주","2011.12.30","제2종근린생활시설","벽걸이형; 책상; 옷장; 신발장; 냉장고; 세탁기; 싱크대; 인덕션; 전자레인지; 화재경보기; 베란다","인터폰; CCTV; 현관보안","https://d1774jszgerdmk.cloudfront.net/1024/yw2OsjiGEJGdCcN_bb-zF","https://d1774jszgerdmk.cloudfront.net/1024/jca3dajK1YFK8-gY0eNQr",""
"dabang","57143971","6a0d19ab98123c7e2a68ae00","https://www.dabangapp.com/room/6a0d19ab98123c7e2a68ae00","라인공인중개사사무소","임희주","031-8067-7499","경기도 수원시 영통구 원천동","경기도 수원시 영통구 원천동","37.2773727917","127.0448812832","dong_only_ask_agency_for_exact_jibun","LINE l 깔끔한 분리형 원룸 l 위치 채광 최고","500","48","10","58","원룸(분리형)","23.14","3층/4층","남","가능","즉시 입주","2011.12.30","제2종근린생활시설","벽걸이형; 책상; 옷장; 신발장; 냉장고; 세탁기; 싱크대; 인덕션","","https://d1774jszgerdmk.cloudfront.net/1024/phoZlpqAdHDh2kF6O5tpP","https://d1774jszgerdmk.cloudfront.net/1024/fp0tQcx9Ne5s78hjejK6Y",""
"dabang","57142210","6a0d0f6fe445384bebb9c87c","https://www.dabangapp.com/room/6a0d0f6fe445384bebb9c87c","라인공인중개사사무소","임희주","031-8067-7499","경기도 수원시 영통구 원천동","경기도 수원시 영통구 원천동","37.2773727917","127.0448812832","dong_only_ask_agency_for_exact_jibun","LINEㅣ아주대3분컷ㅣ채광GOODㅣ분리형 원룸ㅣ풀옵션ㅣ즉시입주ㅣ","500","48","10","58","원룸(분리형)","23.14","3층/4층","남","가능","즉시 입주 (협의 가능)","2011.12.30","제2종근린생활시설","벽걸이형; 책상; 옷장; 신발장; 냉장고; 세탁기; 싱크대; 인덕션; 베란다","","https://d1774jszgerdmk.cloudfront.net/1024/W36uI3mNC3HBI21LNUHEo","https://d1774jszgerdmk.cloudfront.net/1024/V3IVfJCwVIJJo3eSliIjE",""
"dabang","57116555","6a0ab9939647e266a531bdf4","https://www.dabangapp.com/room/6a0ab9939647e266a531bdf4","라인공인중개사사무소","임희주","031-8067-7499","경기도 수원시 팔달구 우만동","경기도 수원시 팔달구 우만동","37.2762024203","127.0422150847","dong_only_ask_agency_for_exact_jibun","LINE l 아주대 원룸 l 깔끔 + 베란다","1000","50","8","58","원룸","23.14","1층/3층","북동","가능","즉시 입주 (협의 가능)","2004.01.06","단독주택","벽걸이형; 책상; 옷장; 신발장; 냉장고; 세탁기; 싱크대; 가스레인지; 붙박이장; 베란다","인터폰; CCTV; 현관보안","https://d1774jszgerdmk.cloudfront.net/1024/z7zmznzF77cQhTetm31SS","https://d1774jszgerdmk.cloudfront.net/1024/d7uplo0IvlhdMT1EfPMJG",""
"dabang","56779127","69f0100d7b10f242d1972d59","https://www.dabangapp.com/room/69f0100d7b10f242d1972d59","라인공인중개사사무소","임희주","031-8067-7499","경기도 수원시 팔달구 우만동","경기도 수원시 팔달구 우만동","37.2762024203","127.0422150847","dong_only_ask_agency_for_exact_jibun","LINEㅣ아주대 도보10분컷ㅣ베란다OKㅣ넓고 깔끔한 원룸 여기에요ㅣ","1000","50","8","58","원룸","23.14","1층/4층","북동","가능","즉시 입주 (협의 가능)","2004.01.06","단독주택","벽걸이형; 옷장; 냉장고; 세탁기; 싱크대; 가스레인지; 붙박이장; 베란다","","https://d1774jszgerdmk.cloudfront.net/1024/3XGJIohMnA-EUIukVJRHg","https://d1774jszgerdmk.cloudfront.net/1024/5sfqDuv-EQVsx7zOKrAQk",""
"dabang","56659505","69e6e59f4f23b231e49a9c31","https://www.dabangapp.com/room/69e6e59f4f23b231e49a9c31","라인공인중개사사무소","임희주","031-8067-7499","경기도 수원시 팔달구 우만동","경기도 수원시 팔달구 우만동","37.2759967987","127.0427291266","dong_only_ask_agency_for_exact_jibun","LINE l 깔끔 리모델링원룸 풀옵션 빠른입주 l","500","42","18","60","원룸","23.14","3층/4층","북동","가능","즉시 입주","2004.01.06","단독주택","벽걸이형; 침대; 책상; 옷장; 신발장; 냉장고; 세탁기; 싱크대; 가스레인지; 붙박이장; 베란다","인터폰; CCTV; 현관보안","https://d1774jszgerdmk.cloudfront.net/1024/t-ikBXPuaKxBZhSeQRYwy","https://d1774jszgerdmk.cloudfront.net/1024/5PoiuNyI812kZT0SMSHk2",""
"dabang","57134175","6a0c05627593662c416118f5","https://www.dabangapp.com/room/6a0c05627593662c416118f5","라인공인중개사사무소","임희주","031-8067-7499","경기도 수원시 팔달구 우만동","경기도 수원시 팔달구 우만동","37.2780582800928","127.043000907941","dong_only_ask_agency_for_exact_jibun","LINE l 아주대 깔끔한 원룸 l 가성비 l 분리형 + 베란다","500","50","10","60","원룸(분리형)","23.14","2층/4층","남","가능","즉시 입주 (협의 가능)","2008.08.29","단독주택","벽걸이형; 침대; 책상; 옷장; 신발장; 냉장고; 세탁기; 싱크대; 가스레인지; 전자레인지; 베란다","CCTV; 현관보안","https://d1774jszgerdmk.cloudfront.net/1024/nsQmt3ELVKe4wNnsVY64V","https://d1774jszgerdmk.cloudfront.net/1024/VL9gwijNpeDoIJ40WmLg9",""
"dabang","57135099","6a0c0afb2ef22747ec0d2b0f","https://www.dabangapp.com/room/6a0c0afb2ef22747ec0d2b0f","라인공인중개사사무소","임희주","031-8067-7499","경기도 수원시 팔달구 우만동","경기도 수원시 팔달구 우만동","37.2780582800928","127.043000907941","dong_only_ask_agency_for_exact_jibun","LINE l 공원앞 대형원룸 구조최상급 분리형 풀옵션 l","500","50","10","60","원룸(분리형)","26.44","2층/4층","남","가능","즉시 입주 (협의 가능)","2008.08.29","단독주택","벽걸이형; 침대; 책상; 옷장; 신발장; 냉장고; 세탁기; 싱크대; 가스레인지; 전자레인지; 베란다","인터폰; CCTV; 현관보안","https://d1774jszgerdmk.cloudfront.net/1024/7-OW34vL0DCOiy2a81sAR","https://d1774jszgerdmk.cloudfront.net/1024/yYjdrD1FjZXZKxy6iFR_2",""
"dabang","57134709","6a0c08cec03feb4a1796d18a","https://www.dabangapp.com/room/6a0c08cec03feb4a1796d18a","라인공인중개사사무소","임희주","031-8067-7499","경기도 수원시 팔달구 우만동","경기도 수원시 팔달구 우만동","37.27805828009275","127.04300090794112","dong_only_ask_agency_for_exact_jibun","LINEㅣ아주대 초대박 원룸ㅣ넓은 방+풀옵션+베란다ㅣ놓치면 후회해요ㅣ","500","50","10","60","원룸(분리형)","23.14","2층/3층","남","가능","즉시 입주 (협의 가능)","2008.08.29","단독주택","벽걸이형; 침대; 책상; 옷장; 냉장고; 세탁기; 싱크대; 가스레인지; 전자레인지; 베란다","","https://d1774jszgerdmk.cloudfront.net/1024/JKXoPx8maHKjoE-UojzwG","https://d1774jszgerdmk.cloudfront.net/1024/FeV4ILPKoABvCggDJbl31",""
"dabang","56635796","69e583c893539c2c05fa829a","https://www.dabangapp.com/room/69e583c893539c2c05fa829a","라인공인중개사사무소","임희주","031-8067-7499","경기도 수원시 팔달구 우만동","경기도 수원시 팔달구 우만동","37.2759967987","127.0427291266","dong_only_ask_agency_for_exact_jibun","LINEㅣ깔끔 리모델링 원룸ㅣ컨디션최상ㅣ풀옵션+베란다ㅣ아주대 도보OKㅣ","500","42","21","63","원룸","23.14","3층/4층","북","가능","즉시 입주","2004.01.06","단독주택","벽걸이형; 침대; 책상; 옷장; 신발장; 냉장고; 세탁기; 싱크대; 가스레인지; 베란다","","https://d1774jszgerdmk.cloudfront.net/1024/dct1ZjJfrJ5OXLNb4DSDD","https://d1774jszgerdmk.cloudfront.net/1024/LRsN1R0ikWJolg4G4LgTf",""
"dabang","57133803","6a0c0238bb7d9528a8c94595","https://www.dabangapp.com/room/6a0c0238bb7d9528a8c94595","라인공인중개사사무소","임희주","031-8067-7499","경기도 수원시 팔달구 우만동","경기도 수원시 팔달구 우만동","37.2759967987","127.0427291266","dong_only_ask_agency_for_exact_jibun","LINE l 깔끔한 원룸 l 풀옵션 + 베란다","500","42","21","63","원룸","23.14","3층/4층","북","가능","즉시 입주 (협의 가능)","2004.01.06","단독주택","벽걸이형; 침대; 책상; 옷장; 신발장; 냉장고; 세탁기; 싱크대; 가스레인지; 붙박이장; 베란다","CCTV; 현관보안","https://d1774jszgerdmk.cloudfront.net/1024/KkSqX4cAN7a2E4QrRRW6j","https://d1774jszgerdmk.cloudfront.net/1024/q0Y0DtTmxMC2QPuJ1Xxkq",""
"dabang","56236625","69c5f3d4f6c4bc4a1258d2a4","https://www.dabangapp.com/room/69c5f3d4f6c4bc4a1258d2a4","라인공인중개사사무소","임희주","031-8067-7499","경기도 수원시 영통구 원천동","경기도 수원시 영통구 원천동","37.2743691476369","127.048379297994","dong_only_ask_agency_for_exact_jibun","LINEㅣ넓은 분리형 원룸ㅣ채광 굿ㅣ베란다OKㅣ깔끔 1등ㅣ","500","53","10","63","원룸(분리형)","23.14","2층/4층","남동","가능","2026.04.10 (협의 가능)","2004.02.04","단독주택","벽걸이형; 옷장; 신발장; 냉장고; 세탁기; 싱크대; 가스레인지; 베란다","","https://d1774jszgerdmk.cloudfront.net/1024/88R42y8K2t6s5e3XvdQG_","https://d1774jszgerdmk.cloudfront.net/1024/INXGxESMMHSYQwGWU8QqZ",""
"dabang","56202188","69c38e8282a2820b08e0b845","https://www.dabangapp.com/room/69c38e8282a2820b08e0b845","라인공인중개사사무소","임희주","031-8067-7499","경기도 수원시 영통구 원천동","경기도 수원시 영통구 원천동","37.2776935960578","127.044791268687","dong_only_ask_agency_for_exact_jibun","LINE l 도보3분+깔끔리모델링+풀옵션+베란다 l","500","50","15","65","원룸","26.44","2층/4층","남서","가능","2026.04.24 (협의 가능)","2004.01.12","단독주택","벽걸이형; 침대; 책상; 옷장; 신발장; 냉장고; 세탁기; 싱크대; 인덕션; 전자레인지; 붙박이장; 베란다","인터폰; CCTV; 현관보안","https://d1774jszgerdmk.cloudfront.net/1024/KprQugI0u8KFjcH4P39He","https://d1774jszgerdmk.cloudfront.net/1024/kJuoHEdS3vV_NDS17ZNTj",""
"dabang","57116533","6a0ab97276e60a6aa4ee66ad","https://www.dabangapp.com/room/6a0ab97276e60a6aa4ee66ad","라인공인중개사사무소","임희주","031-8067-7499","경기도 수원시 팔달구 우만동","경기도 수원시 팔달구 우만동","37.2776077536346","127.04301869263","dong_only_ask_agency_for_exact_jibun","LINE l 아주대원룸 l 분리형 + 베란다 l 주택가 인기매물","500","56","10","66","원룸(분리형)","23.14","1층/3층","남동","가능","2026.07.15 (협의 가능)","2005.06.28","단독주택","벽걸이형; 책상; 신발장; 냉장고; 세탁기; 싱크대; 인덕션; 베란다","인터폰; CCTV; 현관보안","https://d1774jszgerdmk.cloudfront.net/1024/F7DcBLdwfPDp2HS4rzxZc","https://d1774jszgerdmk.cloudfront.net/1024/1eirp9RnuoYmqrsMkgLCU",""
"dabang","56874231","69f8146aac5425243b5b0aa2","https://www.dabangapp.com/room/69f8146aac5425243b5b0aa2","라인공인중개사사무소","임희주","031-8067-7499","경기도 수원시 팔달구 우만동","경기도 수원시 팔달구 우만동","37.2776077536346","127.04301869263","dong_only_ask_agency_for_exact_jibun","LINEㅣ아주대 7분컷ㅣ주택가 넓은 분리형 원룸ㅣ풀옵션+베란다ㅣ인기매물ㅣ","500","56","10","66","원룸(분리형)","23.14","1층/3층","북","가능","2026.07.15 (협의 가능)","2005.06.28","단독주택","벽걸이형; 침대; 책상; 냉장고; 세탁기; 싱크대; 인덕션; 베란다","","https://d1774jszgerdmk.cloudfront.net/1024/esjmxcjq45L4i_00-_WuZ","https://d1774jszgerdmk.cloudfront.net/1024/8TuzEJh4fwFxOiGJE5Zqq",""
"dabang","55930580","69af8d1da7f16e73b983381e","https://www.dabangapp.com/room/69af8d1da7f16e73b983381e","라인공인중개사사무소","임희주","031-8067-7499","경기도 수원시 팔달구 우만동","경기도 수원시 팔달구 우만동","37.2763500584","127.0425850009","dong_only_ask_agency_for_exact_jibun","LINEㅣ컨디션 최상ㅣ넓은 분리형 원룸ㅣ풀옵션은 기본ㅣ꿀매물ㅣ","1000","60","15","75","원룸","23.14","3층/3층","남서","가능","즉시 입주 (협의 가능)","2004.08.24","단독주택","벽걸이형; 침대; 책상; 옷장; 신발장; 냉장고; 세탁기; 싱크대; 가스레인지; 전자레인지; 붙박이장; 베란다","","https://d1774jszgerdmk.cloudfront.net/1024/MWKi1fOzsk0wobtfLxCqv","https://d1774jszgerdmk.cloudfront.net/1024/cOcaYlueXwUOXhSJ-1nUy",""
"dabang","55887623","69abd23008a6541d95e198ca","https://www.dabangapp.com/room/69abd23008a6541d95e198ca","런공인중개사사무소","김지연","031-213-5888","경기도 수원시 영통구 원천동","경기도 수원시 영통구 원천동","37.2789515699251","127.044467270884","dong_only_ask_agency_for_exact_jibun","O아주대+유학생 환영 도보 끝판왕 O","80","25","4.5","29.5","원룸","13.22","5층/5층","서","가능","즉시 입주 (협의 가능)","2010.12.06","제2종근린생활시설","벽걸이형; 침대; 냉장고; 세탁기; 전자레인지","","https://d1774jszgerdmk.cloudfront.net/1024/LVZkybteu-gSt_0vfI9pe","https://d1774jszgerdmk.cloudfront.net/1024/Lo5XxAJIvdUnBLjNLTE4l",""
"dabang","56962925","69fe8b952fc89d4086412a06","https://www.dabangapp.com/room/69fe8b952fc89d4086412a06","런공인중개사사무소","김지연","031-213-5888","경기도 수원시 영통구 원천동","경기도 수원시 영통구 원천동","37.2789515699251","127.044467270884","dong_only_ask_agency_for_exact_jibun","H 아주대 초근접, 유학생 가능 H","80","25","4.5","29.5","원룸","13.22","4층/5층","동","가능","즉시 입주 (협의 가능)","2010.12.06","제2종근린생활시설","벽걸이형; 침대; 냉장고; 세탁기; 전자레인지; 붙박이장; 화재경보기","","https://d1774jszgerdmk.cloudfront.net/1024/HLnKi_R28JiFiR_0mOOC4","https://d1774jszgerdmk.cloudfront.net/1024/bEKYemu8VCJ55ejERsZEd",""
"dabang","56356931","69cf289fee6e2b5924be7a22","https://www.dabangapp.com/room/69cf289fee6e2b5924be7a22","런공인중개사사무소","김지연","031-213-5888","경기도 수원시 팔달구 우만동","경기도 수원시 팔달구 우만동","37.2790029083711","127.04205878728","dong_only_ask_agency_for_exact_jibun","Ooㅣ아주대 도보 5분컷ㅣ즉시입주ㅣ선착순 ㅣoO","500","35","5","40","원룸","16.52","3층/3층","남서","불가능","즉시 입주","1989.07.10","제2종근린생활시설","벽걸이형; 신발장; 냉장고; 세탁기; 싱크대; 인덕션; 전자레인지; 화재경보기","","https://d1774jszgerdmk.cloudfront.net/1024/MBhd_VVGrmSkJbUo4cJAU","https://d1774jszgerdmk.cloudfront.net/1024/nSvUEDSGlCIfJYFFMVfKz",""
"dabang","57019155","6a02d29ca403213baeaa805d","https://www.dabangapp.com/room/6a02d29ca403213baeaa805d","런공인중개사사무소","김지연","031-213-5888","경기도 수원시 영통구 원천동","경기도 수원시 영통구 원천동","37.2773727917","127.0448812832","dong_only_ask_agency_for_exact_jibun","oO 아주대2분컷ㅣ위치최강ㅣ가격최고ㅣ풀옵션 강추  Oo","500","35","10","45","원룸","19.83","2층/4층","동","불가능","2026.07.01 (협의 가능)","2011.12.30","제2종근린생활시설","벽걸이형; 책상; 신발장; 냉장고; 전자레인지","","https://d1774jszgerdmk.cloudfront.net/1024/mBe-3UlmBUWgivfG-TnUS","https://d1774jszgerdmk.cloudfront.net/1024/aXdTi5LK6DnwJy3MJ9xxu",""
"dabang","57052626","6a05572e43dd472faf9031ee","https://www.dabangapp.com/room/6a05572e43dd472faf9031ee","런공인중개사사무소","김지연","031-213-5888","경기도 수원시 영통구 원천동","경기도 수원시 영통구 원천동","37.2773727917","127.0448812832","dong_only_ask_agency_for_exact_jibun","H 아주대 초근접, 빠른 입주 가능, 가성비 매물 H","500","35","10","45","원룸","16.52","2층/4층","동","가능","즉시 입주","2011.12.30","제2종근린생활시설","벽걸이형; 침대; 냉장고; 세탁기; 전자레인지","","https://d1774jszgerdmk.cloudfront.net/1024/DjCffZ2rHC3OP7V_nMVzB","https://d1774jszgerdmk.cloudfront.net/1024/O44iB8dWRNw9NMn6Ew_LU",""
"dabang","57111557","6a0a9a83df19bf0cbb279c3a","https://www.dabangapp.com/room/6a0a9a83df19bf0cbb279c3a","런공인중개사사무소","김지연","031-213-5888","경기도 수원시 영통구 원천동","경기도 수원시 영통구 원천동","37.2766377454092","127.04434413483256","dong_only_ask_agency_for_exact_jibun","8RUN 전속매물 아주대3분 초인기매물 주방분리형 풀옵션8","500","40","5","45","원룸","19.83","3층/4층","북동","가능","2026.06.28 (협의 가능)","2007.07.27","단독주택","벽걸이형; 침대; 책상; 옷장; 냉장고; 세탁기; 싱크대; 인덕션","","https://d1774jszgerdmk.cloudfront.net/1024/Pa-a6RGraZbMKem6it8gO","https://d1774jszgerdmk.cloudfront.net/1024/uk49-BcsNxB8xlBbxOAcl",""
"dabang","57138132","6a0c2e345cc7012b43fb736d","https://www.dabangapp.com/room/6a0c2e345cc7012b43fb736d","런공인중개사사무소","김지연","031-213-5888","경기도 수원시 팔달구 우만동","경기도 수원시 팔달구 우만동","37.2776077536346","127.04301869263001","dong_only_ask_agency_for_exact_jibun","8Run학교가까운 1층 높이 저렴한 원룸8","300","38","10","48","원룸","23.14","반지층/3층","남","가능","2026.07.26 (협의 가능)","2005.06.28","단독주택","벽걸이형; 책상; 옷장; 신발장; 냉장고; 세탁기; 싱크대; 인덕션","CCTV; 현관보안","https://d1774jszgerdmk.cloudfront.net/1024/Kh5luebMtF37R4-wgFvcl","https://d1774jszgerdmk.cloudfront.net/1024/NWxOc9dH-CtFgdcSKnUed",""
"dabang","56285685","69ca1d09e02a1d7e7e76e95e","https://www.dabangapp.com/room/69ca1d09e02a1d7e7e76e95e","런공인중개사사무소","김지연","031-213-5888","경기도 수원시 영통구 매탄동","경기도 수원시 영통구 매탄동","37.2737940423","127.044396587","dong_only_ask_agency_for_exact_jibun","O 아주대삼거리 / / 화이트톤 풀옵션 // 선착순 O","1000","40","8","48","원룸","19.83","4층/4층","동","가능","즉시 입주","2011.12.27","제2종근린생활시설","벽걸이형; 냉장고; 세탁기; 화재경보기","","https://d1774jszgerdmk.cloudfront.net/1024/YtjR5LiECLFp-4Uiv7Y2O","https://d1774jszgerdmk.cloudfront.net/1024/sTGiB8-u7HdJJSJwhpqV2",""
"dabang","56544473","69dda9e2e622750cdf151cf9","https://www.dabangapp.com/room/69dda9e2e622750cdf151cf9","런공인중개사사무소","김지연","031-213-5888","경기도 수원시 영통구 매탄동","경기도 수원시 영통구 매탄동","37.2739752421952","127.041668127998","dong_only_ask_agency_for_exact_jibun","8Run아주대삼거리인근. 분리형원룸. 깔끔함8","300","42","8","50","원룸","19.83","2층/3층","남","가능","2026.05.09 (협의 가능)","2003.01.08","단독주택","벽걸이형; 신발장; 냉장고; 세탁기; 싱크대; 가스레인지; 베란다","","https://d1774jszgerdmk.cloudfront.net/1024/EHfHyCWrXg4aUk3-H4hek","https://d1774jszgerdmk.cloudfront.net/1024/Icdmv9LLR83PqThuVnXha",""
"dabang","56077858","69ba2fd6eee2bd5267c559de","https://www.dabangapp.com/room/69ba2fd6eee2bd5267c559de","런공인중개사사무소","김지연","031-213-5888","경기도 수원시 영통구 원천동","경기도 수원시 영통구 원천동","37.2774487840702","127.044069486394","dong_only_ask_agency_for_exact_jibun","O아주대 1분컷/ 대로변 안전한집 /빅 사이즈 원룸O","500","45","5","50","원룸","23.14","4층/4층","북서","불가능","2026.05.01 (협의 가능)","1990.12.27","단독주택","벽걸이형; 신발장; 냉장고; 세탁기; 싱크대; 가스레인지","","https://d1774jszgerdmk.cloudfront.net/1024/qA3tBK8fdfiBA28XTFXMC","https://d1774jszgerdmk.cloudfront.net/1024/pGBjElPgjrRujLSlwsqra",""
"dabang","57082390","6a07cb8a7f24cf3c6c255267","https://www.dabangapp.com/room/6a07cb8a7f24cf3c6c255267","런공인중개사사무소","김지연","031-213-5888","경기도 수원시 영통구 매탄동","경기도 수원시 영통구 매탄동","37.2737940423","127.044396587","dong_only_ask_agency_for_exact_jibun","H 주방분리, 남동향, 빠른입주, 버스정류장 가까움 H","1000","45","8","53","원룸(분리형)","19.83","2층/4층","남동","가능","즉시 입주","2011.12.27","제2종근린생활시설","벽걸이형; 옷장; 신발장; 냉장고; 세탁기","","https://d1774jszgerdmk.cloudfront.net/1024/tHV1TXNydP_Zrlp9dtm7h","https://d1774jszgerdmk.cloudfront.net/1024/b5u80x7OZQKe-Yh8P9cMT",""
"dabang","57049767","6a0540e6e895d54e3b58f36c","https://www.dabangapp.com/room/6a0540e6e895d54e3b58f36c","런공인중개사사무소","김지연","031-213-5888","경기도 수원시 영통구 원천동","경기도 수원시 영통구 원천동","37.2773727917","127.0448812832","dong_only_ask_agency_for_exact_jibun","oOㅣ아주대 도보 1분컷 ㅣ갓성비 분리형ㅣ남향ㅣOo","500","45","10","55","원룸","23.14","3층/4층","남","가능","즉시 입주","2011.12.30","제2종근린생활시설","벽걸이형; 책상; 옷장; 신발장; 냉장고; 세탁기; 전자레인지","","https://d1774jszgerdmk.cloudfront.net/1024/rnLuc3nITob-AdbasR58A","https://d1774jszgerdmk.cloudfront.net/1024/5cL21duMRPZCjdq8NtSFC",""
"dabang","56986991","6a013fb83b5194098947ed6c","https://www.dabangapp.com/room/6a013fb83b5194098947ed6c","런공인중개사사무소","김지연","031-213-5888","경기도 수원시 영통구 원천동","경기도 수원시 영통구 원천동","37.2782990999","127.0447780966","dong_only_ask_agency_for_exact_jibun","H 아주대,아주대 병원 초근접, 가성비 원룸 H","500","50","6","56","원룸","23.14","2층/3층","북동","가능","즉시 입주","1990.02.06","단독주택","벽걸이형; 침대; 책상; 옷장; 신발장; 냉장고; 세탁기; 싱크대; 가스레인지","","https://d1774jszgerdmk.cloudfront.net/1024/WFNKxu9xsBkTIn_97IQUd","https://d1774jszgerdmk.cloudfront.net/1024/taKpYLH158M_gRQeuY5hu",""
"dabang","56980338","6a01294f8fd87c619e26046a","https://www.dabangapp.com/room/6a01294f8fd87c619e26046a","런공인중개사사무소","김지연","031-213-5888","경기도 수원시 영통구 원천동","경기도 수원시 영통구 원천동","37.2782990999","127.0447780966","dong_only_ask_agency_for_exact_jibun","8아주대코앞 큰원룸 저렴함 풀옵션 즉시입주 인기매물8","500","50","6","56","원룸","23.14","2층/3층","북동","가능","2026.06.26 (협의 가능)","1990.02.06","단독주택","벽걸이형; 침대; 책상; 옷장; 신발장; 냉장고; 세탁기; 싱크대; 가스레인지","","https://d1774jszgerdmk.cloudfront.net/1024/9zmoJdPIrXC6wRCfJZNsM","https://d1774jszgerdmk.cloudfront.net/1024/LPuhyqOANmKf3CllKDKVy",""
"dabang","57083177","6a07d0180d4e3a394fa600e4","https://www.dabangapp.com/room/6a07d0180d4e3a394fa600e4","런공인중개사사무소","김지연","031-213-5888","경기도 수원시 영통구 원천동","경기도 수원시 영통구 원천동","37.2773727917","127.0448812832","dong_only_ask_agency_for_exact_jibun","H 학생 , 직장인 추천 , 버스정류장 근처, 남향 H","500","48","10","58","원룸","19.83","2층/4층","남","가능","2026.07.04 (협의 가능)","2011.12.30","제2종근린생활시설","벽걸이형; 옷장; 신발장; 냉장고; 세탁기","","https://d1774jszgerdmk.cloudfront.net/1024/faPd7IOV80ZYmoL6BQqe3","https://d1774jszgerdmk.cloudfront.net/1024/Z2jNIimg_LDgycB_IiJiw",""
"dabang","57112390","6a0a9ee684a1d54779af8fcc","https://www.dabangapp.com/room/6a0a9ee684a1d54779af8fcc","런공인중개사사무소","김지연","031-213-5888","경기도 수원시 팔달구 우만동","경기도 수원시 팔달구 우만동","37.27805828009275","127.04300090794112","dong_only_ask_agency_for_exact_jibun","8아주대도보5분컷,주방분리 조용한 원룸8","500","50","10","60","원룸","23.14","2층/4층","남","가능","즉시 입주 (협의 가능)","2008.08.29","단독주택","벽걸이형; 침대; 책상; 옷장; 냉장고; 세탁기; 싱크대; 가스레인지; 전자레인지; 베란다","","https://d1774jszgerdmk.cloudfront.net/1024/vimEAZgngh7q12bQQv3kR","https://d1774jszgerdmk.cloudfront.net/1024/vtPg9zrfnjpuoZsjWQyT0",""
"dabang","57119650","6a0ad840f01bda05830122b7","https://www.dabangapp.com/room/6a0ad840f01bda05830122b7","런공인중개사사무소","김지연","031-213-5888","경기도 수원시 팔달구 우만동","경기도 수원시 팔달구 우만동","37.2780582800928","127.043000907941","dong_only_ask_agency_for_exact_jibun","Oㅣ떳다ㅣ침대까지 풀옵션ㅣ아주대 도보3분컷ㅣO","500","50","10","60","원룸","23.14","2층/4층","남","가능","즉시 입주","2008.08.29","단독주택","벽걸이형; 침대; 책상; 옷장; 신발장; 냉장고; 세탁기; 가스레인지; 전자레인지","","https://d1774jszgerdmk.cloudfront.net/1024/3z32PriQpJaoUEeluq07O","https://d1774jszgerdmk.cloudfront.net/1024/qV6Df7wRI6Qh2fw4Y3xu0",""
"dabang","56792540","69f079aff7f9ac5a342f8e6e","https://www.dabangapp.com/room/69f079aff7f9ac5a342f8e6e","런공인중개사사무소","김지연","031-213-5888","경기도 수원시 영통구 원천동","경기도 수원시 영통구 원천동","37.2743691476369","127.048379297994","dong_only_ask_agency_for_exact_jibun","8아주대학교 인근 즉시입주 깔끔한 원룸8","500","53","10","63","원룸","23.14","2층/4층","남동","가능","즉시 입주 (협의 가능)","2004.02.04","단독주택","벽걸이형; 책상; 옷장; 신발장; 냉장고; 세탁기; 싱크대; 가스레인지; 베란다","","https://d1774jszgerdmk.cloudfront.net/1024/noHdZLWDLEZH6tiltNxbK","https://d1774jszgerdmk.cloudfront.net/1024/9DW_1APjfXnxaEHWAnQBs",""
"dabang","57156012","6a0e5933bd531e5b305042df","https://www.dabangapp.com/room/6a0e5933bd531e5b305042df","런공인중개사사무소","김지연","031-213-5888","경기도 수원시 영통구 원천동","경기도 수원시 영통구 원천동","37.2785587454153","127.044390364717","dong_only_ask_agency_for_exact_jibun","H 아주대 초근접, 리모델링 풀옵션, 인기매물 H","500","55","8","63","원룸","19.83","3층/3층","남","불가능","2026.06.30 (협의 가능)","1996.05.17","단독주택","벽걸이형; 침대; 책상; 옷장; 냉장고; 세탁기; 싱크대; 인덕션; 전자레인지","","https://d1774jszgerdmk.cloudfront.net/1024/0Fh9FNwiXqYece7PO0X7J","https://d1774jszgerdmk.cloudfront.net/1024/lhYP-quVW_Te0t7JeWGxw",""
"dabang","57106203","6a0a7bcd8fe99141a86fa78c","https://www.dabangapp.com/room/6a0a7bcd8fe99141a86fa78c","런공인중개사사무소","김지연","031-213-5888","경기도 수원시 영통구 원천동","경기도 수원시 영통구 원천동","37.2785587454153","127.044390364717","dong_only_ask_agency_for_exact_jibun","8전속매물,리모델링 화이트톤 공용건조기까지8","500","57","8","65","원룸","19.83","3층/3층","남","불가능","2026.06.28 (협의 가능)","1996.05.17","제2종근린생활시설","벽걸이형; 침대; 책상; 냉장고; 세탁기; 싱크대; 인덕션; 전자레인지; 붙박이장","","https://d1774jszgerdmk.cloudfront.net/1024/p9E_pn61Y0l0DRDfmT4bz","https://d1774jszgerdmk.cloudfront.net/1024/QWaUdFWIy81wdIZ0Gqo98",""
"dabang","57001303","6a0199e8b6cdcd2a42e1af9d","https://www.dabangapp.com/room/6a0199e8b6cdcd2a42e1af9d","런공인중개사사무소","김지연","031-213-5888","경기도 수원시 팔달구 우만동","경기도 수원시 팔달구 우만동","37.2776077536346","127.04301869263001","dong_only_ask_agency_for_exact_jibun","oO ㅣ화이트톤 풀옵션ㅣ7월입주ㅣ아주대 도보 3분ㅣOo","500","56","10","66","원룸","23.14","1층/3층","북","불가능","2026.06.30 (협의 가능)","2005.06.28","단독주택","벽걸이형; 침대; 책상; 옷장; 신발장; 냉장고; 세탁기; 싱크대; 가스레인지","","https://d1774jszgerdmk.cloudfront.net/1024/fbXtWSErwi5qo1C8JQxAX","https://d1774jszgerdmk.cloudfront.net/1024/Sypqno66_doyNI0PNRMzc",""
"dabang","56959633","69fda849673db43bb5a43000","https://www.dabangapp.com/room/69fda849673db43bb5a43000","런공인중개사사무소","김지연","031-213-5888","경기도 수원시 팔달구 우만동","경기도 수원시 팔달구 우만동","37.2776077536346","127.04301869263","dong_only_ask_agency_for_exact_jibun","H 간호사,여학생 추천, 조용한 주거환경, 선착순 H","500","56","10","66","원룸(분리형)","23.14","1층/3층","남서","가능","2026.07.15 (협의 가능)","2005.06.28","단독주택","벽걸이형; 책상; 신발장; 냉장고; 세탁기; 인덕션","","https://d1774jszgerdmk.cloudfront.net/1024/goEG9wqgz222rmiRCE1s0","https://d1774jszgerdmk.cloudfront.net/1024/T7wppR4Cj4kSOWs-KOheG",""
"dabang","57029307","6a03e14e376c82774bd48e37","https://www.dabangapp.com/room/6a03e14e376c82774bd48e37","매탄호수공인중개사사무소","정순연","031-214-8183","경기도 수원시 영통구 매탄동","경기도 수원시 영통구 매탄동","37.2737874480021","127.042727877867","dong_only_ask_agency_for_exact_jibun","아주대삼거리 초입 + 신축급 분리형 원룸 +","300","35","8","43","원룸(분리형)","19.83","1층/4층","북","가능","즉시 입주","2011.09.16","제2종근린생활시설","벽걸이형; 옷장; 신발장; 냉장고; 세탁기; 싱크대; 인덕션; 화재경보기","카드키; CCTV; 현관보안","https://d1774jszgerdmk.cloudfront.net/1024/viUOyBfYajCpjtj4ibeLD","https://d1774jszgerdmk.cloudfront.net/1024/RMZpA4JJHZlhWYgh3GSiX",""
"dabang","57029226","6a03e0c2a0fa387bef05f530","https://www.dabangapp.com/room/6a03e0c2a0fa387bef05f530","매탄호수공인중개사사무소","정순연","031-214-8183","경기도 수원시 영통구 매탄동","경기도 수원시 영통구 매탄동","37.2737651616","127.0445228504","dong_only_ask_agency_for_exact_jibun","아주대삼거리초입 I 큰방 분리형구조 I 보증금 조정가능","500","51","9","60","원룸(분리형)","29.75","2층/4층","동","가능","즉시 입주","2008.07.10","단독주택","벽걸이형; 신발장; 냉장고; 세탁기; 싱크대; 가스레인지; 붙박이장; 베란다","","https://d1774jszgerdmk.cloudfront.net/1024/hXZABWmmps8wFAHZA5WDR","https://d1774jszgerdmk.cloudfront.net/1024/3iJr_DgEJa3MIHPitTAIv",""
"dabang","56560287","69deec60c0690b3f9050a628","https://www.dabangapp.com/room/69deec60c0690b3f9050a628","모아공인중개사사무소","서대현","031-895-6170","경기도 수원시 영통구 원천동","경기도 수원시 영통구 원천동","37.27459346","127.046241672","dong_only_ask_agency_for_exact_jibun","ll MoA ll 초저렴o 넓은구조o 저렴한가격o","300","30","10","40","원룸","19.83","2층/4층","서","가능","즉시 입주 (협의 가능)","1993.09.14","단독주택","벽걸이형; 책상; 옷장; 신발장; 냉장고; 세탁기; 싱크대; 가스레인지; 베란다","카드키; 현관보안","https://d1774jszgerdmk.cloudfront.net/1024/lC8elIj9mTXiRUnhMJ2Op","https://d1774jszgerdmk.cloudfront.net/1024/n5R5i32cMOKxiExr2Sy2V",""
"dabang","57092021","6a082e1dabbd750d5a316f80","https://www.dabangapp.com/room/6a082e1dabbd750d5a316f80","모아공인중개사사무소","서대현","031-895-6170","경기도 수원시 팔달구 우만동","경기도 수원시 팔달구 우만동","37.2770857609069","127.041304515359","dong_only_ask_agency_for_exact_jibun","ll MoA ll 전속매물o 완전풀옵션o 깔끔내부o 꿀매물o","3000","32","8","40","원룸(분리형)","23.14","4층/4층","서","가능","2026.07.10 (협의 가능)","2006.03.17","단독주택","벽걸이형; 침대; 책상; 신발장; 냉장고; 세탁기; 싱크대; 인덕션; 전자레인지; TV; 붙박이장; 베란다","카드키; CCTV","https://d1774jszgerdmk.cloudfront.net/1024/wEl97XiCyElf3HbqbSJz3","https://d1774jszgerdmk.cloudfront.net/1024/cDLb5hVt2MClScK57t_db",""
"dabang","57126642","6a0bc7e971e82660de8fac69","https://www.dabangapp.com/room/6a0bc7e971e82660de8fac69","모아공인중개사사무소","서대현","031-895-6170","경기도 수원시 영통구 매탄동","경기도 수원시 영통구 매탄동","37.2739669010654","127.044771020618","dong_only_ask_agency_for_exact_jibun","MOAㅣ갓성비원룸ㅣㅡ햇빛이 쏟아져요ㅡㅣ먼저 선점 하세요ㅣ아주대O","500","35","12","47","원룸","16.52","5층/7층","남","가능","2025.08.15","2012.06.04","제2종근린생활시설","벽걸이형; 옷장; 신발장; 냉장고; 세탁기; 싱크대; 인덕션","","https://d1774jszgerdmk.cloudfront.net/1024/B440eLPkr-uNaHfTbZv10","https://d1774jszgerdmk.cloudfront.net/1024/pKAxOlJ5BxyVZTqyHFQa0",""
"dabang","57147255","6a0d390a28f1a22df12e8cdd","https://www.dabangapp.com/room/6a0d390a28f1a22df12e8cdd","모아공인중개사사무소","서대현","031-895-6170","경기도 수원시 영통구 매탄동","경기도 수원시 영통구 매탄동","37.2739669010654","127.044771020618","dong_only_ask_agency_for_exact_jibun","ll MoA ll 핵저렴o 남향o 채광좋은원룸o 엘베보유o 주차o","500","35","12","47","원룸","19.0","5층/7층","남","가능","즉시 입주 (협의 가능)","2012.05.21","제2종근린생활시설","벽걸이형; 옷장; 신발장; 냉장고; 세탁기; 싱크대; 인덕션; 화재경보기; 테라스","비디오폰; 카드키; CCTV; 현관보안","https://d1774jszgerdmk.cloudfront.net/1024/PKcC-LZ-NzLlO84XF_Hgb","https://d1774jszgerdmk.cloudfront.net/1024/Raj6Q9SFaKVPrpPVExEvG",""
"dabang","56988525","6a0144b408af870cbb18a6ac","https://www.dabangapp.com/room/6a0144b408af870cbb18a6ac","모아공인중개사사무소","서대현","031-895-6170","경기도 수원시 영통구 매탄동","경기도 수원시 영통구 매탄동","37.2737940423","127.044396587","dong_only_ask_agency_for_exact_jibun","-MoA- 갓성비 최고, 깔끔한 방, 주방 분리형, 빠른 입주 가능","1000","40","8","48","원룸(분리형)","19.83","4층/4층","서","가능","즉시 입주 (협의 가능)","2011.12.27","제2종근린생활시설","벽걸이형; 신발장; 냉장고; 세탁기; 싱크대; 인덕션","카드키; CCTV; 현관보안","https://d1774jszgerdmk.cloudfront.net/1024/7PFGgZRbsxyuM3MSn7MSe","https://d1774jszgerdmk.cloudfront.net/1024/HpjkB1YKb3CkWUmFUzN5T",""
"dabang","56987973","6a0143588a1b4c1b1b0bea3f","https://www.dabangapp.com/room/6a0143588a1b4c1b1b0bea3f","모아공인중개사사무소","서대현","031-895-6170","경기도 수원시 영통구 매탄동","경기도 수원시 영통구 매탄동","37.2737940423","127.044396587","dong_only_ask_agency_for_exact_jibun","ll MoA ll 분리형원룸o 가성비최고o 깔끔내부o","1000","40","8","48","원룸(분리형)","23.14","4층/4층","동","가능","즉시 입주 (협의 가능)","2011.12.27","제2종근린생활시설","벽걸이형; 침대; 옷장; 신발장; 냉장고; 세탁기; 싱크대; 인덕션; 화재경보기","인터폰; 카드키; CCTV; 현관보안","https://d1774jszgerdmk.cloudfront.net/1024/p73nOwvfmkaRDWPQtovYk","https://d1774jszgerdmk.cloudfront.net/1024/-cociJfnPxjAje52efVDB",""
"dabang","56905523","69fab1584e46125c8f209f64","https://www.dabangapp.com/room/69fab1584e46125c8f209f64","모아공인중개사사무소","서대현","031-895-6170","경기도 수원시 팔달구 우만동","경기도 수원시 팔달구 우만동","37.2762024203","127.0422150847","dong_only_ask_agency_for_exact_jibun","MOAㅣ깔끔원룸ㅣㅡ화이트톤 원룸ㅡㅣ안전한매물ㅣ 베란다보유","2000","35","15","50","원룸","19.83","2층/4층","북동","가능","즉시 입주 (협의 가능)","2004.01.06","단독주택","벽걸이형; 침대; 책상; 옷장; 신발장; 냉장고; 세탁기; 싱크대; 가스레인지","","https://d1774jszgerdmk.cloudfront.net/1024/EiuMeLSxvBIy6hcDGZ_jM","https://d1774jszgerdmk.cloudfront.net/1024/j44f7XwvSf-QdOXDwsdA0",""
"dabang","57135585","6a0c0ead3969f265149757f7","https://www.dabangapp.com/room/6a0c0ead3969f265149757f7","모아공인중개사사무소","서대현","031-895-6170","경기도 수원시 영통구 매탄동","경기도 수원시 영통구 매탄동","37.2736355334","127.0441980537","dong_only_ask_agency_for_exact_jibun","-MoA- 가성비 최고, 넓은 사이즈, 주방 분리형, 베란다까지","500","41","9","50","원룸(분리형)","23.14","3층/3층","남동","가능","2026.05.29","2002.07.31","단독주택","벽걸이형; 신발장; 냉장고; 세탁기; 싱크대; 가스레인지; 붙박이장; 베란다","인터폰; 카드키","https://d1774jszgerdmk.cloudfront.net/1024/GRDEZMmNzrc_RngR9utqs","https://d1774jszgerdmk.cloudfront.net/1024/MvHZDrVExeB-ZFQoycxN1",""
"dabang","57091889","6a082af3a30ac0641a3266f0","https://www.dabangapp.com/room/6a082af3a30ac0641a3266f0","모아공인중개사사무소","서대현","031-895-6170","경기도 수원시 팔달구 우만동","경기도 수원시 팔달구 우만동","37.2764476249518","127.041872448496","dong_only_ask_agency_for_exact_jibun","ll MoA ll  초특가o 떳다o 엘베o 가성비최고o","500","45","10","55","원룸","23.14","3층/5층","서","가능","2026.06.30 (협의 가능)","2010.08.16","제2종근린생활시설","벽걸이형; 책상; 신발장; 냉장고; 세탁기; 싱크대; 인덕션; 붙박이장; 화재경보기","인터폰; 카드키; CCTV; 현관보안","https://d1774jszgerdmk.cloudfront.net/1024/fuDmPt1GBdTvHgekVpeoE","https://d1774jszgerdmk.cloudfront.net/1024/uEJpuG54Nkx850StS8Zs6",""
"dabang","57057991","6a05844cf5f32e15787c8da0","https://www.dabangapp.com/room/6a05844cf5f32e15787c8da0","모아공인중개사사무소","서대현","031-895-6170","경기도 수원시 팔달구 우만동","경기도 수원시 팔달구 우만동","37.2764476249518","127.041872448496","dong_only_ask_agency_for_exact_jibun","-MoA- 떳다 꿀 매물,위치, 구조, 채광, 가성비 모두 최고","500","45","10","55","원룸","23.14","3층/6층","서","가능","2026.06.30 (협의 가능)","2010.08.16","제2종근린생활시설","벽걸이형; 책상; 신발장; 냉장고; 세탁기; 싱크대; 인덕션; 붙박이장; 화재경보기","인터폰; 카드키; CCTV; 현관보안","https://d1774jszgerdmk.cloudfront.net/1024/ko3FxzizFg8nGCTkQCHtn","https://d1774jszgerdmk.cloudfront.net/1024/0YCJ6QwJR39SmV0mlh_jH",""
"dabang","57164056","6a0e91ff424ac10c211b87b9","https://www.dabangapp.com/room/6a0e91ff424ac10c211b87b9","모아공인중개사사무소","서대현","031-895-6170","경기도 수원시 영통구 매탄동","경기도 수원시 영통구 매탄동","37.2742162698047","127.042931072015","dong_only_ask_agency_for_exact_jibun","MOAㅣ주차가능ㅣㅡ화이트톤 대형 원룸ㅡㅣ베란다ㅣ주방분리형","1000","50","5","55","원룸(분리형)","26.44","2층/4층","남동","가능","2026.06.30","2004.06.12","단독주택","벽걸이형; 옷장; 냉장고; 세탁기; 싱크대; 인덕션","","https://d1774jszgerdmk.cloudfront.net/1024/D7YC7-6DCa-YebI7TXt5h","https://d1774jszgerdmk.cloudfront.net/1024/ieHxJtYFrpIhdnEUy1HyF",""
"dabang","57145373","6a0d24f424493050c94ae78b","https://www.dabangapp.com/room/6a0d24f424493050c94ae78b","모아공인중개사사무소","서대현","031-895-6170","경기도 수원시 영통구 매탄동","경기도 수원시 영통구 매탄동","37.2742162698047","127.042931072015","dong_only_ask_agency_for_exact_jibun","-MoA- 왕 넓은 분리형, 채광 최고, 베란다까지, 보증금 조절가능","1000","50","5","55","원룸(분리형)","26.44","2층/4층","북동","가능","2026.06.30 (협의 가능)","2004.06.12","단독주택","벽걸이형; 옷장; 신발장; 냉장고; 세탁기; 싱크대; 인덕션; 화재경보기; 베란다","인터폰; 카드키; CCTV","https://d1774jszgerdmk.cloudfront.net/1024/qMNz7RXH7HZwI1m3F7BIi","https://d1774jszgerdmk.cloudfront.net/1024/E8ahyGmcf3QT21tDCtUZA",""
"dabang","57092103","6a08301105fd4908fe1aa0bd","https://www.dabangapp.com/room/6a08301105fd4908fe1aa0bd","모아공인중개사사무소","서대현","031-895-6170","경기도 수원시 영통구 원천동","경기도 수원시 영통구 원천동","37.2773727917","127.0448812832","dong_only_ask_agency_for_exact_jibun","ll MoA ll 남향o 채광좋음o 깔끔한내부o 풀옵션o 학교앞원룸o","500","48","10","58","원룸","23.14","3층/4층","남동","가능","즉시 입주 (협의 가능)","2011.12.30","제2종근린생활시설","벽걸이형; 책상; 옷장; 신발장; 냉장고; 세탁기; 싱크대; 인덕션; 전자레인지; 화재경보기; 테라스","인터폰; 카드키; CCTV; 현관보안","https://d1774jszgerdmk.cloudfront.net/1024/K_es1_U5vQOu_ihG0UaY5","https://d1774jszgerdmk.cloudfront.net/1024/7wuqWcWoKmBeahQYjl7qf",""
"dabang","56994122","6a016619520a5f31459451d8","https://www.dabangapp.com/room/6a016619520a5f31459451d8","모아공인중개사사무소","서대현","031-895-6170","경기도 수원시 팔달구 우만동","경기도 수원시 팔달구 우만동","37.2765628250732","127.042246857237","dong_only_ask_agency_for_exact_jibun","ll MoA ll 아주대원픽o 오피스텔형o 정남향o 엘베o","1000","50","8","58","원룸","14.71","4층/5층","동","가능","2026.06.01 (협의 가능)","2013.08.27","공동주택","벽걸이형; 책상; 신발장; 냉장고; 세탁기; 싱크대; 인덕션; TV; 붙박이장; 화재경보기","인터폰; 카드키; CCTV; 현관보안; 방범창","https://d1774jszgerdmk.cloudfront.net/1024/iMH91U_bTW4prwXXghNP4","https://d1774jszgerdmk.cloudfront.net/1024/ZHR1k8lpTxC7AvisOvAEs",""
"dabang","57132970","6a0bfa7773e921031fe06607","https://www.dabangapp.com/room/6a0bfa7773e921031fe06607","모아공인중개사사무소","서대현","031-895-6170","경기도 수원시 팔달구 우만동","경기도 수원시 팔달구 우만동","37.2780582800928","127.043000907941","dong_only_ask_agency_for_exact_jibun","ll MoA ll 채광좋음o 완전깔끔o 넓은구조o 무융자o","500","50","10","60","원룸(분리형)","23.14","2층/4층","남","가능","즉시 입주 (협의 가능)","2008.08.29","단독주택","벽걸이형; 침대; 책상; 옷장; 신발장; 냉장고; 세탁기; 싱크대; 가스레인지; 베란다","카드키; CCTV; 현관보안","https://d1774jszgerdmk.cloudfront.net/1024/KCwaSAAcBGxamcSWlcQbH","https://d1774jszgerdmk.cloudfront.net/1024/yGit8ZUYDzg12fvX64Rw2",""
"dabang","57135022","6a0c0a5e8797d14ba37b8238","https://www.dabangapp.com/room/6a0c0a5e8797d14ba37b8238","모아공인중개사사무소","서대현","031-895-6170","경기도 수원시 팔달구 우만동","경기도 수원시 팔달구 우만동","37.2780582800928","127.043000907941","dong_only_ask_agency_for_exact_jibun","I MoA I 왕 넓은 분리형, 남향, 학교 정문 도보 4분","500","50","10","60","원룸(분리형)","23.14","2층/3층","남","가능","즉시 입주 (협의 가능)","2008.08.29","단독주택","벽걸이형; 침대; 책상; 옷장; 신발장; 냉장고; 세탁기; 싱크대; 가스레인지; 베란다","카드키; CCTV; 현관보안","https://d1774jszgerdmk.cloudfront.net/1024/4yNi_OaeYGQ0sJlgQbpqQ","https://d1774jszgerdmk.cloudfront.net/1024/yVSLjboODioCuMzoDvxP6",""
"dabang","56480154","69d856283fd32272557d7f94","https://www.dabangapp.com/room/69d856283fd32272557d7f94","모아공인중개사사무소","서대현","031-895-6170","경기도 수원시 팔달구 우만동","경기도 수원시 팔달구 우만동","37.2759967987","127.0427291266","dong_only_ask_agency_for_exact_jibun","MoA 리모델링, 깔끔한 컨디션, 채광 좋은 방, 베란다까지","500","42","21","63","원룸","23.14","3층/4층","북","가능","2025.12.21 (협의 가능)","2004.01.06","단독주택","벽걸이형; 침대; 책상; 신발장; 냉장고; 세탁기; 싱크대; 가스레인지; 붙박이장; 베란다","인터폰; 카드키; CCTV; 현관보안","https://d1774jszgerdmk.cloudfront.net/1024/DiYHg-DUnx_DWHLWO11Kl","https://d1774jszgerdmk.cloudfront.net/1024/3B-KzVOxmkvuzIBu0Qcsa",""
"dabang","56992930","6a015ec14e0dac0de4c0015d","https://www.dabangapp.com/room/6a015ec14e0dac0de4c0015d","모아공인중개사사무소","서대현","031-895-6170","경기도 수원시 팔달구 우만동","경기도 수원시 팔달구 우만동","37.2759967987","127.0427291266","dong_only_ask_agency_for_exact_jibun","MOAㅣ도배장판완료Oㅣㅡ에어컨교체완료ㅡㅣ보안Oㅣ풀옵션O","500","42","21","63","원룸","23.14","3층/4층","북","가능","즉시 입주","2004.01.06","단독주택","벽걸이형; 침대; 책상; 신발장; 냉장고; 세탁기; 싱크대; 가스레인지; 붙박이장","","https://d1774jszgerdmk.cloudfront.net/1024/0yJOUQdBDkQfZ3dCyRAVH","https://d1774jszgerdmk.cloudfront.net/1024/qtcnxJkdpUhoSjmxA4AcL",""
"dabang","56988515","6a0144abaeed4e066c5b71d3","https://www.dabangapp.com/room/6a0144abaeed4e066c5b71d3","모아공인중개사사무소","서대현","031-895-6170","경기도 수원시 영통구 원천동","경기도 수원시 영통구 원천동","37.2743691476369","127.048379297994","dong_only_ask_agency_for_exact_jibun","-MoA- 넓은 사이즈, 주방 분리형, 남동향, 베란다까지","500","53","10","63","원룸(분리형)","23.14","2층/4층","남동","가능","즉시 입주 (협의 가능)","2004.02.04","단독주택","벽걸이형; 옷장; 신발장; 냉장고; 세탁기; 싱크대; 가스레인지; 베란다","카드키; CCTV; 현관보안","https://d1774jszgerdmk.cloudfront.net/1024/NH1Br2BmdtF73Zy8PeKg2","https://d1774jszgerdmk.cloudfront.net/1024/4_2u5ZKQ6ZjncR01W-Z1R",""
"dabang","57016401","6a02be54a408c4444451ec3e","https://www.dabangapp.com/room/6a02be54a408c4444451ec3e","모아공인중개사사무소","서대현","031-895-6170","경기도 수원시 영통구 원천동","경기도 수원시 영통구 원천동","37.2743691476369","127.048379297994","dong_only_ask_agency_for_exact_jibun","MOAㅣ화장실깔끔Oㅣ주방분리형Oㅣ식당없음Xㅣ부분리모델링Oㅣ꿀매물","500","53","10","63","원룸(분리형)","26.44","2층/4층","남동","가능","즉시 입주 (협의 가능)","2004.02.04","단독주택","벽걸이형; 옷장; 신발장; 냉장고; 세탁기; 싱크대; 인덕션","","https://d1774jszgerdmk.cloudfront.net/1024/gwPkofdfbPTaB7a0slLmK","https://d1774jszgerdmk.cloudfront.net/1024/rT3WWq2xJdcAdHmnX3-lV",""
"dabang","56988512","6a0144a43b7c361ea2570015","https://www.dabangapp.com/room/6a0144a43b7c361ea2570015","모아공인중개사사무소","서대현","031-895-6170","경기도 수원시 팔달구 우만동","경기도 수원시 팔달구 우만동","37.2765628250732","127.042246857237","dong_only_ask_agency_for_exact_jibun","-MoA- 아주대 귀한 신축, 남향, ACE매물, 보증금 조절가능","1000","55","8","63","원룸","14.71","3층/5층","남","가능","2026.06.20 (협의 가능)","2013.08.27","공동주택","벽걸이형; 책상; 신발장; 냉장고; 세탁기; 싱크대; 인덕션; TV; 붙박이장; 화재경보기","인터폰; 카드키; CCTV; 현관보안","https://d1774jszgerdmk.cloudfront.net/1024/MN7AIGcD5H4Y4-jsrHGzb","https://d1774jszgerdmk.cloudfront.net/1024/OXCpQFVdY5xVp120e6N8q",""
"dabang","56988464","6a0144820b4bb41c9566de01","https://www.dabangapp.com/room/6a0144820b4bb41c9566de01","모아공인중개사사무소","서대현","031-895-6170","경기도 수원시 팔달구 우만동","경기도 수원시 팔달구 우만동","37.2767283763346","127.042914457842","dong_only_ask_agency_for_exact_jibun","-MoA- 넓은 분리형, 신축급, 아주대 위치 최고","500","55","17","72","원룸(분리형)","23.14","3층/5층","서","가능","즉시 입주 (협의 가능)","2008.09.23","단독주택","벽걸이형; 침대; 책상; 옷장; 신발장; 냉장고; 세탁기; 싱크대; 인덕션; 전자레인지; 화재경보기; 베란다","인터폰; 카드키; CCTV; 현관보안","https://d1774jszgerdmk.cloudfront.net/1024/bOw45_vtE4d6pi5IeOw5V","https://d1774jszgerdmk.cloudfront.net/1024/bKgWYxYmc8hUar0x2ucJ_",""
"dabang","56988475","6a014487c58ae90970c08431","https://www.dabangapp.com/room/6a014487c58ae90970c08431","모아공인중개사사무소","서대현","031-895-6170","경기도 수원시 팔달구 우만동","경기도 수원시 팔달구 우만동","37.2763500584","127.0425850009","dong_only_ask_agency_for_exact_jibun","-MoA- 왕 넓은 분리형, 남향, 빠른 입주 가능, 선착순","1000","60","15","75","원룸(분리형)","26.44","3층/3층","서","가능","즉시 입주 (협의 가능)","2004.08.24","단독주택","벽걸이형; 침대; 책상; 식탁; 신발장; 냉장고; 세탁기; 싱크대; 가스레인지; 전자레인지; 붙박이장; 베란다","인터폰; 카드키; CCTV; 현관보안","https://d1774jszgerdmk.cloudfront.net/1024/vBVY7kagk_agCDrWtcamy","https://d1774jszgerdmk.cloudfront.net/1024/3f3TS75OFrPOPYin-uCL5",""
"dabang","56972396","69fedfed338dd2223be16408","https://www.dabangapp.com/room/69fedfed338dd2223be16408","아리수공인중개사사무소","이재명","031-214-2828","경기도 수원시 팔달구 우만동","경기도 수원시 팔달구 우만동","37.2771319668374","127.043122156792","dong_only_ask_agency_for_exact_jibun","아주대 엘베있는 희귀매물 전면도배 착한임대인 가성비굳","3000","28","7","35","원룸(분리형)","23.14","4층/5층","남","가능","즉시 입주","2006.12.11","단독주택","벽걸이형; 침대; 옷장; 신발장; 냉장고; 세탁기; 싱크대; 가스레인지; 베란다","CCTV; 현관보안","https://d1774jszgerdmk.cloudfront.net/1024/q5GUccbMgsskifhSnHGP9","https://d1774jszgerdmk.cloudfront.net/1024/IMC-Lq-rtR8wwOaQaz1He",""
"dabang","56994013","6a016562d93b4d32bdd23d7a","https://www.dabangapp.com/room/6a016562d93b4d32bdd23d7a","아리수공인중개사사무소","이재명","031-214-2828","경기도 수원시 영통구 원천동","경기도 수원시 영통구 원천동","37.2767241385","127.0446283274","dong_only_ask_agency_for_exact_jibun","무융자건물 분리형 원룸 반전세 리모델링 완료 여학생 추천","3000","30","7","37","원룸(분리형)","16.52","2층/4층","서","가능","2026.06.23 (협의 가능)","2008.01.08","단독주택","벽걸이형; 침대; 책상; 옷장; 신발장; 냉장고; 세탁기; 인덕션","","https://d1774jszgerdmk.cloudfront.net/1024/oJMh93Kr8OCjDmfiZgogI","https://d1774jszgerdmk.cloudfront.net/1024/5HNYuPQIjAdMpmjcD9W5k",""
"dabang","56707762","69e9c6e967e57a14da831caf","https://www.dabangapp.com/room/69e9c6e967e57a14da831caf","아리수공인중개사사무소","이재명","031-214-2828","경기도 수원시 팔달구 우만동","경기도 수원시 팔달구 우만동","37.2771319668374","127.043122156792","dong_only_ask_agency_for_exact_jibun","주방분리 깔금원룸 아주대 도보권","2000","33","7","40","원룸","27.52","4층/5층","남","가능","2026.04.27 (협의 가능)","2006.12.11","단독주택","벽걸이형; 침대; 책상; 옷장; 신발장; 냉장고; 세탁기; 싱크대; 가스레인지; 화재경보기","인터폰; 현관보안","https://d1774jszgerdmk.cloudfront.net/1024/8ijujCrbDudJuE-yRdbky","https://d1774jszgerdmk.cloudfront.net/1024/COMQTjVn7qogK8dOfkPUC",""
"dabang","56994501","6a01687bb187093b4413a734","https://www.dabangapp.com/room/6a01687bb187093b4413a734","아주공인중개사사무소","이영선","031-213-9100","경기도 수원시 영통구 원천동","경기도 수원시 영통구 원천동","37.2742973408","127.0476982353","dong_only_ask_agency_for_exact_jibun","가격저렴한 아담싸이즈 원룸","300","30","6","36","원룸","16.52","4층/5층","북동","불가능","즉시 입주","2011.08.09","단독주택","벽걸이형; 옷장; 신발장; 냉장고; 세탁기; 싱크대; 가스레인지; 화재경보기","카드키; CCTV; 현관보안","https://d1774jszgerdmk.cloudfront.net/1024/CAKDkWVHmHMQffou1v33k","https://d1774jszgerdmk.cloudfront.net/1024/kdenPE7Ox_L6QLr8g2WeU",""
"dabang","56994494","6a0168751214ec393266b6ee","https://www.dabangapp.com/room/6a0168751214ec393266b6ee","아주공인중개사사무소","이영선","031-213-9100","경기도 수원시 영통구 원천동","경기도 수원시 영통구 원천동","37.2742504211405","127.047860567206","dong_only_ask_agency_for_exact_jibun","가격저렴한 원룸","300","32","8","40","원룸","19.82","3층/5층","북동","불가능","즉시 입주 (협의 가능)","2011.10.05","단독주택","벽걸이형; 책상; 옷장; 신발장; 냉장고; 세탁기; 싱크대; 가스레인지","비디오폰; 인터폰; 카드키; CCTV; 현관보안; 방범창","https://d1774jszgerdmk.cloudfront.net/1024/_KtbQthJkce6VzHAzRGyp","https://d1774jszgerdmk.cloudfront.net/1024/706d6fb2-6c30-49ab-935b-2861b222ccc3-2",""
"dabang","56994519","6a016896e4257d3929951d98","https://www.dabangapp.com/room/6a016896e4257d3929951d98","아주공인중개사사무소","이영선","031-213-9100","경기도 수원시 영통구 원천동","경기도 수원시 영통구 원천동","37.2748988521","127.0486412216","dong_only_ask_agency_for_exact_jibun","깨끗한 원룸","300","40","5","45","원룸","23.14","3층/4층","북동","불가능","2026.05.31","2011.12.19","제1종근린생활시설","벽걸이형; 침대; 책상; 옷장; 신발장; 냉장고; 세탁기; 싱크대; 인덕션; 전자레인지; 붙박이장; 베란다","카드키; CCTV; 현관보안","https://d1774jszgerdmk.cloudfront.net/1024/OFShbD0IxkcoXnS7FK1W6","https://d1774jszgerdmk.cloudfront.net/1024/1WeZ8F0ECr0GOOjMjH4cw",""
"dabang","56994610","6a01691095cc1a3929221682","https://www.dabangapp.com/room/6a01691095cc1a3929221682","아주공인중개사사무소","이영선","031-213-9100","경기도 수원시 영통구 원천동","경기도 수원시 영통구 원천동","37.2754401715488","127.046918706818","dong_only_ask_agency_for_exact_jibun","깨끗하고 넓은 남향1층","3000","40","6","46","원룸(분리형)","30.0","1층/4층","남","가능","즉시 입주","2019.07.15","단독주택","벽걸이형; 신발장; 냉장고; 세탁기; 싱크대; 가스레인지; 화재경보기; 마당","인터폰; 카드키; CCTV; 현관보안; 방범창","https://d1774jszgerdmk.cloudfront.net/1024/7kxswKZhN0FFvRnvzkL7-","https://d1774jszgerdmk.cloudfront.net/1024/eoKx2Hntl-P0yNLXWGPKa",""
"dabang","56636363","69e585f58bbcb13719bf7136","https://www.dabangapp.com/room/69e585f58bbcb13719bf7136","에이벨공인중개사사무소","강형택","031-238-8858","경기도 수원시 팔달구 우만동","경기도 수원시 팔달구 우만동","37.2762024203","127.0422150847","dong_only_ask_agency_for_exact_jibun","에이벨 I 원룸 풀옵션 매물이 나오면 바로 나가는 초인기 매물","1000","50","8","58","원룸","25.95","중층/3층","남","가능","즉시 입주 (협의 가능)","2004.01.06","단독주택","벽걸이형; 신발장; 냉장고; 세탁기; 가스레인지; 붙박이장; 베란다","","https://d1774jszgerdmk.cloudfront.net/1024/5MhqBE-VAvrMJkxbFXuOy","https://d1774jszgerdmk.cloudfront.net/1024/u6gS0z0I9fTPD0OjZjCK2",""
"dabang","56200881","69c383bb828e566204534706","https://www.dabangapp.com/room/69c383bb828e566204534706","일등공인중개사사무소","김종우","031-215-0017","경기도 수원시 팔달구 우만동","경기도 수원시 팔달구 우만동","37.2794315983","127.0426318404","dong_only_ask_agency_for_exact_jibun","ㅁ일등ㅁ 아주대 2분 가성비 원룸","300","38","5","43","원룸","19.0","1층/2층","북동","불가능","즉시 입주","2002.02.19","단독주택","벽걸이형; 냉장고; 세탁기; 싱크대","","https://d1774jszgerdmk.cloudfront.net/1024/qXR-YPFebJ94q2JiljtM2","https://d1774jszgerdmk.cloudfront.net/1024/-44Dn26Iv7gHp6ne9ix4L",""
"dabang","57067568","6a0686f065766f4efaa03d34","https://www.dabangapp.com/room/6a0686f065766f4efaa03d34","일등공인중개사사무소","김종우","031-215-0017","경기도 수원시 팔달구 우만동","경기도 수원시 팔달구 우만동","37.2796191456","127.0422666068","dong_only_ask_agency_for_exact_jibun","ㅁ일등ㅁ 아주대 1분 테라스가 있는 환한 방","500","41","9","50","원룸(분리형)","21.0","4층/4층","서","가능","2026.06.25","2013.02.27","공동주택","책상; 옷장; 신발장; 냉장고; 세탁기; 인덕션; 전자레인지","인터폰; 현관보안; 방범창","https://d1774jszgerdmk.cloudfront.net/1024/1266042d-d074-4d07-aaa4-954713b034db","https://d1774jszgerdmk.cloudfront.net/1024/c6481650-a861-4c07-a2c7-df437c17d768",""
"dabang","56845339","69f55163dda2ef66d08ccec6","https://www.dabangapp.com/room/69f55163dda2ef66d08ccec6","징검다리공인중개사사무소","장민희","031-213-5400","경기도 수원시 영통구 매탄동","경기도 수원시 영통구 매탄동","37.2737506888532","127.044671672315","dong_only_ask_agency_for_exact_jibun","구조좋은원룸아주대삼거리대로변에서 구매탄시장후문방향","300","40","7","47","원룸(분리형)","27.0","3층/4층","동","불가능","2026.05.31","2008.07.10","단독주택","벽걸이형; 옷장; 신발장; 냉장고; 세탁기; 싱크대; 가스레인지; 붙박이장; 베란다","","https://d1774jszgerdmk.cloudfront.net/1024/71c999dd-a7ca-4efa-8fe8-489108b041f7","https://d1774jszgerdmk.cloudfront.net/1024/250ce4a8-b423-4607-b14c-3c7060da7d5a",""
"dabang","57084119","6a07d60433cfb95f9b1938a1","https://www.dabangapp.com/room/6a07d60433cfb95f9b1938a1","징검다리공인중개사사무소","장민희","031-213-5400","경기도 수원시 영통구 매탄동","경기도 수원시 영통구 매탄동","37.2737329883","127.0438147598","dong_only_ask_agency_for_exact_jibun","주방분리,베란다 아주대삼거리대로변에서 구매탄시장후문방향","500","42","8","50","원룸(분리형)","26.44","2층/4층","서","가능","즉시 입주","2006.11.23","단독주택","벽걸이형; 신발장; 냉장고; 세탁기; 싱크대; 가스레인지; 붙박이장; 베란다","인터폰; CCTV; 현관보안","https://d1774jszgerdmk.cloudfront.net/1024/724443fa-d74a-4b8f-b73d-3e8719b3a538","https://d1774jszgerdmk.cloudfront.net/1024/fa1dcc3e-22fe-4ed5-89b8-214bfd95f7d5",""
"dabang","57163424","6a0e8bfbe11a7f6bc3421747","https://www.dabangapp.com/room/6a0e8bfbe11a7f6bc3421747","포돌이부동산공인중개사사무소","김상우","010-3091-0527","경기도 수원시 팔달구 우만동","경기도 수원시 팔달구 우만동","37.2779538624","127.042716702","dong_only_ask_agency_for_exact_jibun","+포돌이 추천+ 아주대 인근 넓은 분리형 풀옵션 깔끔 원룸","3000","42","8","50","원룸(분리형)","29.75","2층/3층","북서","가능","2026.07.15 (협의 가능)","2006.10.30","단독주택","벽걸이형; 신발장; 냉장고; 세탁기; 가스레인지; 베란다","인터폰; CCTV","https://d1774jszgerdmk.cloudfront.net/1024/uupJQZQ0RNH3ZKyHX66z6","https://d1774jszgerdmk.cloudfront.net/1024/9rkkoFM0zRDVipNHB-Gp-",""
"dabang","57161205","6a0e74e8b1c8380858ebc792","https://www.dabangapp.com/room/6a0e74e8b1c8380858ebc792","포돌이부동산공인중개사사무소","김상우","010-3091-0527","경기도 수원시 팔달구 우만동","경기도 수원시 팔달구 우만동","37.2762024203","127.0422150847","dong_only_ask_agency_for_exact_jibun","+포돌이 추천+ 1층인데 2층 느낌 풀옵션 넓은 원룸","1000","50","8","58","원룸","23.14","1층/3층","북동","가능","즉시 입주","2004.01.06","단독주택","벽걸이형; 책상; 신발장; 냉장고; 세탁기","인터폰; 현관보안","https://d1774jszgerdmk.cloudfront.net/1024/bcLR4YNLL6eahoHtencOj","https://d1774jszgerdmk.cloudfront.net/1024/H9vgCdkn5TxJRpBHSFzr3",""
"zigbang","48970154",,"https://www.zigbang.com/home/oneroom/items/48970154?itemDetailType=ZIGBANG","런공인중개사사무소","김지연","031-213-5888","경기도 수원시 영통구 원천동","수원시 영통구 원천동 17","37.2789819404129","127.044452742954","exact_jibun_from_api","H 아주대 초근접, 유학생 가능 H","80","25","4.5","29","오픈형원룸","13.22","4/5","E","주차 가능","즉시 입주 가능","2010년 12월 6일",,"에어컨; 냉장고; 세탁기; 전자레인지; 옷장; 침대",,"https://ic.zigbang.com/ic/items/48970154/1.jpg","https://ic.zigbang.com/ic/items/48970154/2.jpg",""
"zigbang","48981361",,"https://www.zigbang.com/home/oneroom/items/48981361?itemDetailType=ZIGBANG","런공인중개사사무소","김지연","031-213-5888","경기도 수원시 영통구 원천동","수원시 영통구 원천동 29-45","37.2774272314727","127.044836551441","exact_jibun_from_api","C 아주대 도보 3분컷. 저렴. 깨끗. 입주협의가능","500","35","10","45","오픈형원룸","19.83","2/4","SE","주차 가능","2025.07.13 이후 입주 가능 (협의가능)","2011.12.30",,"에어컨; 냉장고; 세탁기; 책상",,"https://ic.zigbang.com/ic/items/48981361/1.jpg","https://ic.zigbang.com/ic/items/48981361/2.jpg",""
"zigbang","48993831",,"https://www.zigbang.com/home/oneroom/items/48993831?itemDetailType=ZIGBANG","런공인중개사사무소","김지연","031-213-5888","경기도 수원시 영통구 원천동","수원시 영통구 원천동 29-45","37.2774272314727","127.044836551441","exact_jibun_from_api","oO 아주대2분컷ㅣ위치최강ㅣ가격최고ㅣ풀옵션 강추  Oo","500","35","10","45","오픈형원룸","19.83","2/4","E","주차 불가능","2026.07.01 이후 입주 가능","2011.12.30",,"에어컨; 냉장고; 세탁기; 전자레인지; 신발장",,"https://ic.zigbang.com/ic/items/48993831/1.jpg","https://ic.zigbang.com/ic/items/48993831/2.jpg",""
"zigbang","49056208",,"https://www.zigbang.com/home/oneroom/items/49056208?itemDetailType=ZIGBANG","런공인중개사사무소","김지연","031-213-5888","경기도 수원시 영통구 원천동","수원시 영통구 원천동 29-98","37.2766713677422","127.044307960309","exact_jibun_from_api","C RUN 전속매물 아주대3분 초인기매물 주방분리형 풀옵션","500","40","5","45","오픈형원룸","19.83","3/4","NE","주차 가능","2026.06.28 이후 입주 가능 (입주일 협의 가능)","2007.07.27",,"에어컨; 냉장고; 세탁기; 인덕션; 책상; 침대; 옷장; 신발장; 싱크대",,"https://ic.zigbang.com/ic/items/49056208/1.jpg","https://ic.zigbang.com/ic/items/49056208/2.jpg",""
"zigbang","49015914",,"https://www.zigbang.com/home/oneroom/items/49015914?itemDetailType=ZIGBANG","런공인중개사사무소","김지연","031-213-5888","경기도 수원시 영통구 매탄동","수원시 영통구 매탄동 153-132","37.273988315999","127.041643330059","exact_jibun_from_api","8아주대삼거리인근. 분리형원룸. 깔끔함8","300","42","8","50","오픈형원룸","19.83","2/3","S","주차 가능","즉시 입주 가능 (협의가능)","2003.01.08",,"에어컨; 냉장고; 세탁기; 가스레인지; 신발장; 싱크대",,"https://ic.zigbang.com/ic/items/49015914/1.jpg","https://ic.zigbang.com/ic/items/49015914/2.jpg",""
"zigbang","49025454",,"https://www.zigbang.com/home/oneroom/items/49025454?itemDetailType=ZIGBANG","런공인중개사사무소","김지연","031-213-5888","경기도 수원시 영통구 원천동","수원시 영통구 원천동 29-45","37.2774272314727","127.044836551441","exact_jibun_from_api","oOㅣ아주대 도보 1분컷 ㅣ갓성비 분리형ㅣ남향ㅣOo","500","45","10","55","오픈형원룸","20","3/4","S","주차 가능","즉시 입주 가능","2011.12.30",,"에어컨; 냉장고; 세탁기; 신발장; 옷장; 책상; 전자레인지",,"https://ic.zigbang.com/ic/items/49025454/1.jpg","https://ic.zigbang.com/ic/items/49025454/2.jpg",""
"zigbang","49012097",,"https://www.zigbang.com/home/oneroom/items/49012097?itemDetailType=ZIGBANG","런공인중개사사무소","김지연","031-213-5888","경기도 수원시 영통구 원천동","수원시 영통구 원천동 25-3","37.2774471627758","127.044067906867","exact_jibun_from_api","O아주대 3분컷, 빅사이즈 원룸 ,미친꿀매물O","500","45","5","50","오픈형원룸","19.83","4/4","NW","주차 불가능","2026.05.01 이후 입주 가능 (협의가능)","1990.12.27",,"에어컨; 냉장고; 세탁기; 싱크대; 가스레인지",,"https://ic.zigbang.com/ic/items/49012097/1.jpg","https://ic.zigbang.com/ic/items/49012097/2.jpg",""
"zigbang","49038297",,"https://www.zigbang.com/home/oneroom/items/49038297?itemDetailType=ZIGBANG","런공인중개사사무소","김지연","031-213-5888","경기도 수원시 영통구 매탄동","수원시 영통구 매탄동 153-41","37.2737961140333","127.044398279507","exact_jibun_from_api","H 주방분리, 남동향, 빠른입주, 버스정류장 가까움 H","1000","45","8","53","오픈형원룸","19.83","2/4","SE","주차 가능","2026.05.31 이후 입주 가능 (협의 가능)","2011년 12월 27일",,"에어컨; 냉장고; 세탁기; 신발장; 옷장",,"https://ic.zigbang.com/ic/items/49038297/1.jpg","https://ic.zigbang.com/ic/items/49038297/2.jpg",""
"zigbang","49038742",,"https://www.zigbang.com/home/oneroom/items/49038742?itemDetailType=ZIGBANG","런공인중개사사무소","김지연","031-213-5888","경기도 수원시 영통구 원천동","수원시 영통구 원천동 29-45","37.2774272314727","127.044836551441","exact_jibun_from_api","H 학생 , 직장인 추천 , 버스정류장 근처, 남향 H","500","48","10","58","오픈형원룸","19.83","2/4","S","주차 가능","2026.07.04 이후 입주 가능 (협의 가능)","2011년 12월 30일",,"에어컨; 냉장고; 세탁기; 책상",,"https://ic.zigbang.com/ic/items/49038742/1.jpg","https://ic.zigbang.com/ic/items/49038742/2.jpg",""
"zigbang","49056728",,"https://www.zigbang.com/home/oneroom/items/49056728?itemDetailType=ZIGBANG","런공인중개사사무소","김지연","031-213-5888","경기도 수원시 팔달구 우만동","수원시 팔달구 우만동 64-8","37.2780568391151","127.042998990257","exact_jibun_from_api","8아주대도보5분컷,주방분리 조용한 원룸8","500","50","10","60","오픈형원룸","23.14","2/4","S","주차 가능","즉시 입주 가능 (협의가능)","2008.8.29",,"에어컨; 냉장고; 가스레인지; 세탁기; 싱크대; 옷장; 침대; 책상; 전자레인지",,"https://ic.zigbang.com/ic/items/49056728/1.jpg","https://ic.zigbang.com/ic/items/49056728/2.jpg",""
"zigbang","48970169",,"https://www.zigbang.com/home/oneroom/items/48970169?itemDetailType=ZIGBANG","런공인중개사사무소","김지연","031-213-5888","경기도 수원시 영통구 원천동","수원시 영통구 원천동 29-56","37.2783296642289","127.044727599531","exact_jibun_from_api","C 아주대코앞 큰원룸 저렴함 풀옵션 즉시입주 인기매물","500","50","6","56","오픈형원룸","23.14","2/3","NE","주차 가능","2026.06.26 이후 입주 가능 (협의가능)","1990.02.06",,"에어컨; 냉장고; 세탁기; 가스레인지; 옷장; 책상; 침대; 싱크대; 신발장",,"https://ic.zigbang.com/ic/items/48970169/1.jpg","https://ic.zigbang.com/ic/items/48970169/2.jpg",""
"zigbang","48972783",,"https://www.zigbang.com/home/oneroom/items/48972783?itemDetailType=ZIGBANG","런공인중개사사무소","김지연","031-213-5888","경기도 수원시 영통구 원천동","수원시 영통구 원천동 29-56","37.2783296642289","127.044727599531","exact_jibun_from_api","H 아주대,아주대 병원 초근접, 가성비 원룸 H","500","50","6","56","오픈형원룸","23.14","2/3","NE","주차 가능","2026.06.26 이후 입주 가능 (협의 가능)","1990년 02월 06일",,"에어컨; 냉장고; 세탁기; 가스레인지; 옷장; 책상; 침대; 신발장; 싱크대",,"https://ic.zigbang.com/ic/items/48972783/1.jpg","https://ic.zigbang.com/ic/items/48972783/2.jpg",""
"zigbang","49062589",,"https://www.zigbang.com/home/oneroom/items/49062589?itemDetailType=ZIGBANG","런공인중개사사무소","김지연","031-213-5888","경기도 수원시 팔달구 우만동","수원시 팔달구 우만동 64-8","37.2780568391151","127.042998990257","exact_jibun_from_api","Oㅣ떳다ㅣ침대까지 풀옵션ㅣ아주대 도보3분컷ㅣO","500","50","10","60","오픈형원룸","23.14","3/4","S","주차 가능","즉시 입주 가능","2008.08.29",,"에어컨; 냉장고; 세탁기; 가스레인지; 전자레인지; 싱크대; 신발장; 침대; 책상; 옷장",,"https://ic.zigbang.com/ic/items/49062589/1.jpg","https://ic.zigbang.com/ic/items/49062589/2.jpg",""
"zigbang","49012411",,"https://www.zigbang.com/home/oneroom/items/49012411?itemDetailType=ZIGBANG","런공인중개사사무소","김지연","031-213-5888","경기도 수원시 영통구 원천동","수원시 영통구 원천동 78-55","37.2744415796947","127.048407644928","exact_jibun_from_api","O I 빅사이즈 I 주방 분리형 조용함 I 도배새로 I O","500","53","10","63","오픈형원룸","21","2/4","SE","주차 가능","2026.04.08 이후 입주 가능 (협의가능)","2004.02.04",,"에어컨; 냉장고; 세탁기; 싱크대; 옷장; 책상",,"https://ic.zigbang.com/ic/items/49012411/1.jpg","https://ic.zigbang.com/ic/items/49012411/2.jpg",""
"zigbang","48864208",,"https://www.zigbang.com/home/oneroom/items/48864208?itemDetailType=ZIGBANG","런공인중개사사무소","김지연","031-213-5888","경기도 수원시 팔달구 우만동","수원시 팔달구 우만동 72-10","37.2776112677206","127.043018581874","exact_jibun_from_api","oOㅣ깔끔화이트톤ㅣ넓은 분v리형ㅣ아주대 3분컷ㅣOo","500","56","10","66","분리형원룸","23.14","1/3","N","주차 가능","2026.07.01 이후 입주 가능 (협의가능)","2005.06.28",,"에어컨; 냉장고; 세탁기; 인덕션; 싱크대; 신발장; 책상; 침대; 옷장",,"https://ic.zigbang.com/ic/items/48864208/1.jpg","https://ic.zigbang.com/ic/items/48864208/2.jpg",""
"zigbang","48863811",,"https://www.zigbang.com/home/oneroom/items/48863811?itemDetailType=ZIGBANG","런공인중개사사무소","김지연","031-213-5888","경기도 수원시 팔달구 우만동","수원시 팔달구 우만동 72-10","37.2776112677206","127.043018581874","exact_jibun_from_api","H 간호사,여학생 추천, 조용한 주거환경, 선착순 H","500","56","10","66","분리형원룸","23.14","1/3","SW","주차 가능","2026.07.15 이후 입주 가능 (협의 가능)","2005년 6월 28일",,"에어컨; 냉장고; 세탁기; 인덕션; 싱크대; 신발장; 책상",,"https://ic.zigbang.com/ic/items/48863811/1.jpg","https://ic.zigbang.com/ic/items/48863811/2.jpg",""
"zigbang","49053263",,"https://www.zigbang.com/home/oneroom/items/49053263?itemDetailType=ZIGBANG","런공인중개사사무소","김지연","031-213-5888","경기도 수원시 영통구 원천동","수원시 영통구 원천동 18-16","37.2786087693778","127.044346982437","exact_jibun_from_api","H 여기 살면 지각 걱정 X, 아주대 원룸 옵션 끝판왕 H","500","57","8","65","오픈형원룸","19.83","3/3","S","주차 불가능","2026.06.30 이후 입주 가능 (협의 가능)","1996년 5월 17일",,"책상; 침대; 에어컨; 냉장고; 세탁기; 인덕션; 옷장; 전자레인지; 싱크대",,"https://ic.zigbang.com/ic/items/49053263/1.jpg","https://ic.zigbang.com/ic/items/49053263/2.jpg",""
"zigbang","49038499",,"https://www.zigbang.com/home/oneroom/items/49038499?itemDetailType=ZIGBANG","모아공인중개사사무소","서대현","031-895-6170","경기도 수원시 영통구 원천동","수원시 영통구 원천동 72-86","37.2746188686649","127.046243266053","exact_jibun_from_api","가성비최고o 아주대10분o 베란다보유o 선착순o","300","30","10","40","오픈형원룸","23.14","3/5","W","주차 불가능","즉시 입주 가능","1993.09.14",,"에어컨; 냉장고; 세탁기; 가스레인지; 옷장; 신발장; 싱크대",,"https://ic.zigbang.com/ic/items/49038499/1.jpg","https://ic.zigbang.com/ic/items/49038499/2.jpg",""
"zigbang","49073595",,"https://www.zigbang.com/home/oneroom/items/49073595?itemDetailType=ZIGBANG","모아공인중개사사무소","서대현","031-895-6170","경기도 수원시 팔달구 우만동","수원시 팔달구 우만동 102-1","37.277095841957","127.041334852041","exact_jibun_from_api","전속매물o 반전세o 완전풀옵션o 분리형원룸o","3000","32","8","40","분리형원룸","23.14","4/4","W","주차 가능","2026.07.10 이후 입주 가능 (협의 가능)","2006.03.17",,"에어컨; 냉장고; 세탁기; 책상; 침대; 옷장; 신발장; 싱크대; 책장; 인덕션; 전자레인지",,"https://ic.zigbang.com/ic/items/49073595/1.jpg","https://ic.zigbang.com/ic/items/49073595/2.jpg",""
"zigbang","49066830",,"https://www.zigbang.com/home/oneroom/items/49066830?itemDetailType=ZIGBANG","모아공인중개사사무소","서대현","031-895-6170","경기도 수원시 영통구 매탄동","수원시 영통구 매탄동 153-5","37.2739588837143","127.044765942092","exact_jibun_from_api","아주대Oㅣ갓성비원룸ㅣㅡ햇빛이 쏟아져요ㅡㅣ먼저 선점 하세요ㅣ","500","35","12","47","오픈형원룸","16.53","5/7","SE","주차 가능","2026.05.23 이후 입주 가능","2012.06.04",,"에어컨; 냉장고; 세탁기; 인덕션; 신발장; 싱크대",,"https://ic.zigbang.com/ic/items/49066830/1.jpg","https://ic.zigbang.com/ic/items/49066830/2.jpg",""
"zigbang","49081932",,"https://www.zigbang.com/home/oneroom/items/49081932?itemDetailType=ZIGBANG","모아공인중개사사무소","서대현","031-895-6170","경기도 수원시 영통구 매탄동","수원시 영통구 매탄동 153-5","37.2739588837143","127.044765942092","exact_jibun_from_api","초저렴o 남향o 엘베보유o 깔끔한o 원룸o","500","35","12","47","오픈형원룸","19.83","5/7","S","주차 가능","즉시 입주 가능 (협의 가능)","2012.06.04",,"에어컨; 냉장고; 세탁기; 인덕션; 옷장; 신발장; 싱크대",,"https://ic.zigbang.com/ic/items/49081932/1.jpg","https://ic.zigbang.com/ic/items/49081932/2.jpg",""
"zigbang","48976175",,"https://www.zigbang.com/home/oneroom/items/48976175?itemDetailType=ZIGBANG","모아공인중개사사무소","서대현","031-895-6170","경기도 수원시 영통구 원천동","수원시 영통구 원천동 30-56","37.2760878464199","127.045044577065","exact_jibun_from_api","풀옵션ㅣ아주대코앞ㅣㅡ갓성비원룸 ㅡㅣ베란다있어요ㅣ안전매물","1000","35","10","45","오픈형원룸","19.83","2/3","NE","주차 가능","2026.07.01 이후 입주 가능","2002.05.27",,"에어컨; 냉장고; 세탁기; 가스레인지; 전자레인지; 책상; 책장; 침대; 옷장; 신발장; 싱크대",,"https://ic.zigbang.com/ic/items/48976175/1.jpg","https://ic.zigbang.com/ic/items/48976175/2.jpg",""
"zigbang","48820601",,"https://www.zigbang.com/home/oneroom/items/48820601?itemDetailType=ZIGBANG","모아공인중개사사무소","서대현","031-895-6170","경기도 수원시 영통구 매탄동","수원시 영통구 매탄동 153-41","37.2737961140333","127.044398279507","exact_jibun_from_api","아주대o 깔끔한시설o 빠른입주가능o","1000","40","8","48","분리형원룸","19.83","4/4","E","주차 가능","즉시 입주 가능 (협의 가능)","2011.12.27",,"에어컨; 냉장고; 세탁기; 인덕션; 옷장; 신발장; 싱크대",,"https://ic.zigbang.com/ic/items/48820601/1.jpg","https://ic.zigbang.com/ic/items/48820601/2.jpg",""
"zigbang","48513574",,"https://www.zigbang.com/home/oneroom/items/48513574?itemDetailType=ZIGBANG","모아공인중개사사무소","서대현","031-895-6170","경기도 수원시 영통구 매탄동","수원시 영통구 매탄동 153-41","37.2737961140333","127.044398279507","exact_jibun_from_api","갓성비 최고, 주방 분리형, 깔끔한 방, 빠른 입주 가능","1000","40","8","48","오픈형원룸","20","4/4","W","주차 가능","즉시 입주 가능","2011.12.27",,"에어컨; 냉장고; 세탁기; 인덕션; 신발장; 싱크대",,"https://ic.zigbang.com/ic/items/48513574/1.jpg","https://ic.zigbang.com/ic/items/48513574/2.jpg",""
"zigbang","49073192",,"https://www.zigbang.com/home/oneroom/items/49073192?itemDetailType=ZIGBANG","모아공인중개사사무소","서대현","031-895-6170","경기도 수원시 영통구 매탄동","수원시 영통구 매탄동 153-42","37.2736418407389","127.044197944662","exact_jibun_from_api","가성비 최고, 넓은 사이즈, 주방 분리형, 베란다까지","500","41","9","50","분리형원룸","24","3/3","SE","주차 가능","2026.05.29 이후 입주 가능","2002.07.31",,"에어컨; 냉장고; 세탁기; 가스레인지; 신발장; 싱크대; 옷장",,"https://ic.zigbang.com/ic/items/49073192/1.jpg","https://ic.zigbang.com/ic/items/49073192/2.jpg",""
"zigbang","48975985",,"https://www.zigbang.com/home/oneroom/items/48975985?itemDetailType=ZIGBANG","모아공인중개사사무소","서대현","031-895-6170","경기도 수원시 팔달구 우만동","수원시 팔달구 우만동 89-13","37.2759913009377","127.042733069825","exact_jibun_from_api","화장실깔끔ㅣ도배장판교체완료ㅣㅡ에어컨교체완료 ㅡㅣ베란다O","500","42","21","63","오픈형원룸","23.15","3/4","N","주차 가능","즉시 입주 가능","2004.01.06",,"에어컨; 냉장고; 세탁기; 싱크대; 신발장; 옷장; 침대; 책상; 가스레인지",,"https://ic.zigbang.com/ic/items/48975985/1.jpg","https://ic.zigbang.com/ic/items/48975985/2.jpg",""
"zigbang","49045027",,"https://www.zigbang.com/home/oneroom/items/49045027?itemDetailType=ZIGBANG","모아공인중개사사무소","서대현","031-895-6170","경기도 수원시 팔달구 우만동","수원시 팔달구 우만동 94-25","37.276459519627","127.04186974898","exact_jibun_from_api","단독매물o 떳다o 초특가o 인기원룸o","500","45","10","55","오픈형원룸","23.14","3/5","W","주차 가능","2026.06.30 이후 입주 가능 (협의 가능)","2010.08.16",,"에어컨; 냉장고; 세탁기; 인덕션; 책상; 책장; 옷장; 신발장; 싱크대",,"https://ic.zigbang.com/ic/items/49045027/1.jpg","https://ic.zigbang.com/ic/items/49045027/2.jpg",""
"zigbang","49045334",,"https://www.zigbang.com/home/oneroom/items/49045334?itemDetailType=ZIGBANG","모아공인중개사사무소","서대현","031-895-6170","경기도 수원시 영통구 원천동","수원시 영통구 원천동 29-45","37.2774272314727","127.044836551441","exact_jibun_from_api","남동향o 위치좋음o 아주대코앞o 분리형원룸o","500","45","10","55","오픈형원룸","23.14","3/4","SE","주차 가능","즉시 입주 가능 (협의 가능)","2011.12.30",,"에어컨; 냉장고; 세탁기; 인덕션; 전자레인지; 책상; 책장; 옷장; 신발장; 싱크대",,"https://ic.zigbang.com/ic/items/49045334/1.jpg","https://ic.zigbang.com/ic/items/49045334/2.jpg",""
"zigbang","49072816",,"https://www.zigbang.com/home/oneroom/items/49072816?itemDetailType=ZIGBANG","모아공인중개사사무소","서대현","031-895-6170","경기도 수원시 팔달구 우만동","수원시 팔달구 우만동 64-8","37.2780568391151","127.042998990257","exact_jibun_from_api","왕 넓은 분리형, 남향, 학교 정문 도보 4분","500","50","10","60","분리형원룸","24","2/4","S","주차 가능","즉시 입주 가능","2008.08.29",,"에어컨; 냉장고; 세탁기; 가스레인지; 책상; 침대; 옷장; 신발장; 싱크대",,"https://ic.zigbang.com/ic/items/49072816/1.jpg","https://ic.zigbang.com/ic/items/49072816/2.jpg",""
"zigbang","49071155",,"https://www.zigbang.com/home/oneroom/items/49071155?itemDetailType=ZIGBANG","모아공인중개사사무소","서대현","031-895-6170","경기도 수원시 팔달구 우만동","수원시 팔달구 우만동 64-8","37.2780568391151","127.042998990257","exact_jibun_from_api","주차널널o 아주대초근접o 공원앞o 조용한동네o 풀옵션o","500","50","10","60","분리형원룸","23.14","2/4","S","주차 가능","즉시 입주 가능","2008.08.29",,"에어컨; 냉장고; 세탁기; 가스레인지; 책상; 책장; 침대; 옷장; 신발장; 싱크대",,"https://ic.zigbang.com/ic/items/49071155/1.jpg","https://ic.zigbang.com/ic/items/49071155/2.jpg",""
"zigbang","48927670",,"https://www.zigbang.com/home/oneroom/items/48927670?itemDetailType=ZIGBANG","모아공인중개사사무소","서대현","031-895-6170","경기도 수원시 팔달구 우만동","수원시 팔달구 우만동 89-25","37.2761921533986","127.04220121025","exact_jibun_from_api","넓은 사이즈, 풀풀옵션, 입주일 협의가능, 보증금 조절가능","1000","50","8","58","오픈형원룸","24","2/4","NE","주차 가능","즉시 입주 가능","2004.01.06",,"에어컨; 냉장고; 세탁기; 가스레인지; 책상; 책장; 침대; 옷장; 신발장; 싱크대",,"https://ic.zigbang.com/ic/items/48927670/1.jpg","https://ic.zigbang.com/ic/items/48927670/2.jpg",""
"zigbang","49094293",,"https://www.zigbang.com/home/oneroom/items/49094293?itemDetailType=ZIGBANG","모아공인중개사사무소","서대현","031-895-6170","경기도 수원시 영통구 매탄동","수원시 영통구 매탄동 153-64","37.2742187984307","127.04291528831","exact_jibun_from_api","화이트톤ㅣ주방분리형ㅣㅡ넓은 평수 대형 원룸ㅡㅣ베란다O","1000","50","5","55","분리형원룸","26.45","2/4","SE","주차 가능","2026.06.30 이후 입주 가능","2004.06.12",,"에어컨; 냉장고; 세탁기; 인덕션; 옷장; 싱크대",,"https://ic.zigbang.com/ic/items/49094293/1.jpg","https://ic.zigbang.com/ic/items/49094293/2.jpg",""
"zigbang","48819926",,"https://www.zigbang.com/home/oneroom/items/48819926?itemDetailType=ZIGBANG","모아공인중개사사무소","서대현","031-895-6170","경기도 수원시 팔달구 우만동","수원시 팔달구 우만동 89-37","37.2765644466935","127.04224753467","exact_jibun_from_api","전속매물o 오피스텔형o 엘베o 풀옵션o","1000","50","8","58","오픈형원룸","14.71","4/5","E","주차 가능","2026.06.01 이후 입주 가능 (협의 가능)","2013.08.27",,"에어컨; 냉장고; 세탁기; 인덕션; 책상; 책장; 옷장; 신발장; 싱크대",,"https://ic.zigbang.com/ic/items/48819926/1.jpg","https://ic.zigbang.com/ic/items/48819926/2.jpg",""
"zigbang","48820915",,"https://www.zigbang.com/home/oneroom/items/48820915?itemDetailType=ZIGBANG","모아공인중개사사무소","서대현","031-895-6170","경기도 수원시 팔달구 우만동","수원시 팔달구 우만동 89-37","37.2765644466935","127.04224753467","exact_jibun_from_api","인기매물Oㅣ깔끔원룸Oㅣ엘베보유Oㅣ주차가능Oㅣ꿀매물O","1000","50","8","58","오픈형원룸","14.71","4/5","N","주차 가능","2026.06.02 이후 입주 가능","2013.08.27",,"에어컨; 냉장고; 세탁기; 인덕션; 옷장; 신발장; 싱크대",,"https://ic.zigbang.com/ic/items/48820915/1.jpg","https://ic.zigbang.com/ic/items/48820915/2.jpg",""
"zigbang","48840285",,"https://www.zigbang.com/home/oneroom/items/48840285?itemDetailType=ZIGBANG","모아공인중개사사무소","서대현","031-895-6170","경기도 수원시 영통구 원천동","수원시 영통구 원천동 78-55","37.2744415796947","127.048407644928","exact_jibun_from_api","넓은 사이즈, 주방 분리형, 남동향, 베란다까지","500","53","10","63","분리형원룸","24","2/4","SE","주차 가능","즉시 입주 가능","2004.02.04",,"에어컨; 냉장고; 세탁기; 옷장; 신발장; 싱크대; 가스레인지",,"https://ic.zigbang.com/ic/items/48840285/1.jpg","https://ic.zigbang.com/ic/items/48840285/2.jpg",""
"zigbang","49080690",,"https://www.zigbang.com/home/oneroom/items/49080690?itemDetailType=ZIGBANG","모아공인중개사사무소","서대현","031-895-6170","경기도 수원시 영통구 매탄동","수원시 영통구 매탄동 153-64","37.2742187984307","127.04291528831","exact_jibun_from_api","왕 넓은 분리형, 채광 최고, 베란다까지, 보증금 조절가능","500","55","5","60","분리형원룸","26.5","2/4","NE","주차 가능","2026.06.30 이후 입주 가능","2004.06.12",,"에어컨; 냉장고; 세탁기; 옷장; 신발장; 싱크대; 인덕션",,"https://ic.zigbang.com/ic/items/49080690/1.jpg","https://ic.zigbang.com/ic/items/49080690/2.jpg",""
"zigbang","49043935",,"https://www.zigbang.com/home/oneroom/items/49043935?itemDetailType=ZIGBANG","모아공인중개사사무소","서대현","031-895-6170","경기도 수원시 팔달구 우만동","수원시 팔달구 우만동 89-37","37.2765644466935","127.04224753467","exact_jibun_from_api","정남향ㅇ아주대ACEㅇ선착순 매물ㅇ보증금 조절가능","500","60","8","68","오픈형원룸","14.71","3/5","S","주차 가능","2026.06.20 이후 입주 가능","2013.08.27",,"에어컨; 냉장고; 세탁기; 인덕션; 책상; 책장; 옷장; 신발장; 싱크대",,"https://ic.zigbang.com/ic/items/49043935/1.jpg","https://ic.zigbang.com/ic/items/49043935/2.jpg",""
"zigbang","48883447",,"https://www.zigbang.com/home/oneroom/items/48883447?itemDetailType=ZIGBANG","모아공인중개사사무소","서대현","031-895-6170","경기도 수원시 팔달구 우만동","수원시 팔달구 우만동 89-22","37.2763556454741","127.042583312708","exact_jibun_from_api","왕 넓은 분리형,빠른 입주 가능, 풀풀옵션, 베란다까지","1000","60","15","75","분리형원룸","28","3/3","W","주차 가능","즉시 입주 가능","2004.08.24",,"에어컨; 냉장고; 세탁기; 가스레인지; 전자레인지; 책상; 침대; 옷장; 신발장; 싱크대",,"https://ic.zigbang.com/ic/items/48883447/1.jpg","https://ic.zigbang.com/ic/items/48883447/2.jpg",""
"zigbang","49023084",,"https://www.zigbang.com/home/oneroom/items/49023084?itemDetailType=ZIGBANG","아주공인중개사사무소","이영선","031-213-9100","경기도 수원시 영통구 원천동","수원시 영통구 원천동 78-64","37.2742795845356","127.047712430735","exact_jibun_from_api","깨끗하고 조용한 원룸","300","30","6","36","오픈형원룸","20","4/5","NE","주차 불가능","즉시 입주 가능","2011.06.29",,"에어컨; 냉장고; 세탁기; 인덕션; 옷장; 신발장; 싱크대",,"https://ic.zigbang.com/ic/items/49023084/1.jpg","https://ic.zigbang.com/ic/items/49023084/2.jpg",""
"zigbang","49023176",,"https://www.zigbang.com/home/oneroom/items/49023176?itemDetailType=ZIGBANG","아주공인중개사사무소","이영선","031-213-9100","경기도 수원시 영통구 원천동","수원시 영통구 원천동 78-59","37.27423239486383","127.0478740859166","exact_jibun_from_api","가격저렴하고  깨끗한 원룸","300","32","8","40","오픈형원룸","20","3/5","S","주차 불가능","즉시 입주 가능","2011.12.13",,"에어컨; 냉장고; 세탁기; 가스레인지; 책상; 옷장; 신발장; 싱크대; 책장",,"https://ic.zigbang.com/ic/items/49023176/1.jpg","https://ic.zigbang.com/ic/items/49023176/2.jpg",""
"zigbang","49023077",,"https://www.zigbang.com/home/oneroom/items/49023077?itemDetailType=ZIGBANG","아주공인중개사사무소","이영선","031-213-9100","경기도 수원시 영통구 원천동","수원시 영통구 원천동 78-59","37.2742321244502","127.047874311247","exact_jibun_from_api","아담싸이즈 깨끗한 원룸","300","33","7","40","오픈형원룸","20","2/5","NE","주차 불가능","즉시 입주 가능","2011.05.29",,"에어컨; 냉장고; 세탁기; 가스레인지; 책상; 신발장; 싱크대",,"https://ic.zigbang.com/ic/items/49023077/1.jpg","https://ic.zigbang.com/ic/items/49023077/2.jpg",""
"zigbang","49023116",,"https://www.zigbang.com/home/oneroom/items/49023116?itemDetailType=ZIGBANG","아주공인중개사사무소","이영선","031-213-9100","경기도 수원시 영통구 원천동","수원시 영통구 원천동 78-83","37.2750685425318","127.04923576076","exact_jibun_from_api","가격저렴한하고 깨끗한 원룸","500","40","0","40","분리형원룸","26.45","2/3","NE","주차 불가능","즉시 입주 가능","2021.8.10",,"에어컨; 가스레인지; 신발장; 싱크대; 냉장고; 세탁기",,"https://ic.zigbang.com/ic/items/49023116/1.jpg","https://ic.zigbang.com/ic/items/49023116/2.jpg",""
"zigbang","49023206",,"https://www.zigbang.com/home/oneroom/items/49023206?itemDetailType=ZIGBANG","아주공인중개사사무소","이영선","031-213-9100","경기도 수원시 영통구 원천동","수원시 영통구 원천동 70-31","37.2754415239477","127.046916565353","exact_jibun_from_api","깨끗하고 조용한 반전세 원룸","3000","40","7","47","분리형원룸","27","1/4","S","주차 가능","즉시 입주 가능","2019.7.15",,"에어컨; 가스레인지; 싱크대; 신발장; 냉장고; 세탁기",,"https://ic.zigbang.com/ic/items/49023206/1.jpg","https://ic.zigbang.com/ic/items/49023206/2.jpg",""
"zigbang","48869137",,"https://www.zigbang.com/home/oneroom/items/48869137?itemDetailType=ZIGBANG","청춘공인중개사사무소","정대철","031-235-4333","경기도 수원시 팔달구 우만동","수원시 팔달구 우만동 89-25","37.2761921533986","127.04220121025","exact_jibun_from_api","ㅣ아주대ㅣ풀옵션ㅣ오세요ㅣ","500","40","8","48","오픈형원룸","23.14","1/3","E","주차 가능","즉시 입주 가능","2004.01.06",,"에어컨; 냉장고; 세탁기; 침대; 책장; 책상; 옷장; 신발장; 싱크대; 가스레인지",,"https://ic.zigbang.com/ic/items/48869137/1.jpg","https://ic.zigbang.com/ic/items/48869137/2.jpg",""
"zigbang","48795664",,"https://www.zigbang.com/home/oneroom/items/48795664?itemDetailType=ZIGBANG","청춘공인중개사사무소","정대철","031-235-4333","경기도 수원시 영통구 매탄동","수원시 영통구 매탄동 153-41","37.2737961140333","127.044398279507","exact_jibun_from_api","o 아주대삼거리 o 분리형 o 깔끔 o","1000","40","8","48","분리형원룸","23.14","4/4","SE","주차 가능","즉시 입주 가능","2011년12월27일",,"에어컨; 냉장고; 세탁기; 인덕션; 전자레인지; 싱크대; 신발장; 침대",,"https://ic.zigbang.com/ic/items/48795664/1.jpg","https://ic.zigbang.com/ic/items/48795664/2.jpg",""
